county,pop_2023,pop_2022,pop_2021,pop_2020,pop_2019,felExp_2023,felExp_2022,felExp_2021,felExp_2020,felExp_2019,misdExp_2023,misdExp_2022,misdExp_2021,misdExp_2020,misdExp_2019,totalExp_2023,totalExp_2022,totalExp_2021,totalExp_2020,totalExp_2019
Anderson,"57,848","57,954","59,120","59,120","58,854","$541,921 ","$330,414 ","$299,489 ","$235,856 ","$320,446 ","$99,530 ","$72,169 ","$59,724 ","$83,625 ","$88,104 ","$686,636 ","$422,371 ","$377,197 ","$369,242 ","$458,368 "
Andrews,"18,773","18,675","19,588","19,588","19,232","$192,147 ","$145,327 ","$148,775 ","$177,629 ","$117,208 ","$45,435 ","$50,086 ","$40,430 ","$35,840 ","$42,325 ","$271,944 ","$228,613 ","$217,800 ","$231,005 ","$185,526 "
Angelina,"86,354","86,554","90,669","90,669","92,353","$248,756 ","$368,012 ","$221,025 ","$230,339 ","$310,224 ","$55,002 ","$44,687 ","$20,776 ","$26,781 ","$43,537 ","$376,045 ","$499,319 ","$333,444 ","$378,059 ","$468,271 "
Aransas,"25,219","24,693","23,649","23,649","23,031","$269,188 ","$243,439 ","$139,748 ","$172,261 ","$192,957 ","$40,797 ","$51,187 ","$30,552 ","$49,742 ","$66,390 ","$350,736 ","$313,267 ","$185,538 ","$234,089 ","$277,457 "
Archer,"8,712","8,517","9,135","9,135","9,625","$36,697 ","$44,757 ","$26,947 ","$37,622 ","$25,516 ","$5,130 ","$4,082 ","$3,800 ","$8,826 ","$6,038 ","$43,896 ","$65,631 ","$32,816 ","$48,667 ","$36,681 "
Armstrong,"1,859","1,823","2,028","2,028","1,949","$2,004 ","$9,300 ","$7,375 ","$4,700 ","$5,000 ","$1,503 ",$600 ,$0 ,$600 ,"$1,700 ","$17,507 ","$10,900 ","$8,375 ","$6,300 ","$8,800 "
Atascosa,"50,320","49,657","51,233","51,233","50,276","$343,657 ","$103,080 ","$139,685 ","$236,354 ","$300,202 ","$102,772 ","$127,976 ","$107,000 ","$144,523 ","$207,245 ","$2,409,351 ","$1,088,529 ","$2,163,341 ","$423,683 ","$562,957 "
Austin,"31,331","30,485","32,344","32,344","31,724","$78,774 ","$59,140 ","$46,318 ","$50,846 ","$37,460 ","$52,221 ","$60,526 ","$73,016 ","$99,181 ","$65,681 ","$150,733 ","$139,402 ","$139,402 ","$169,777 ","$127,537 "
Bailey,"6,777","6,767","7,082","7,082","7,256","$44,660 ","$41,190 ","$47,922 ","$41,973 ","$65,166 ","$20,741 ","$24,911 ","$25,605 ","$9,675 ","$5,550 ","$81,827 ","$79,424 ","$86,762 ","$64,795 ","$101,152 "
Bandera,"22,169","21,937","23,360","23,360","22,874","$26,817 ","$40,598 ","$86,017 ","$101,974 ","$94,852 ","$2,418 ","$2,038 ","$11,200 ","$17,525 ","$12,340 ","$147,659 ","$151,278 ","$151,658 ","$127,354 ","$115,682 "
Bastrop,"107,810","104,146","90,262","90,262","88,296","$590,471 ","$487,385 ","$259,578 ","$598,781 ","$657,688 ","$190,131 ","$142,721 ","$121,312 ","$146,885 ","$229,956 ","$796,261 ","$636,156 ","$389,003 ","$758,236 ","$904,819 "
Baylor,"3,489","3,475","3,754","3,754","3,740","$29,974 ","$14,461 ","$13,955 ","$47,034 ","$50,595 ","$1,700 ","$2,250 ","$2,400 ",$300 ,$400 ,"$32,674 ","$17,711 ","$17,355 ","$48,334 ","$52,240 "
Bee,"30,360","30,613","33,571","33,571","33,039","$48,226 ","$42,701 ","$39,993 ","$38,267 ","$31,360 ","$4,267 ","$1,063 ",$0 ,$408 ,$906 ,"$1,504,667 ","$1,339,766 ","$1,328,722 ","$1,331,398 ","$1,121,518 "
Bell,"388,804","378,140","362,093","362,093","356,587","$1,458,431 ","$1,261,154 ","$726,109 ","$1,114,974 ","$1,380,039 ","$1,170,370 ","$1,089,673 ","$901,837 ","$885,980 ","$1,075,070 ","$3,013,011 ","$2,671,541 ","$2,037,555 ","$2,610,809 ","$3,062,563 "
Bexar,"2,062,280","2,050,463","2,006,193","2,006,193","1,991,779","$9,683,067 ","$7,847,853 ","$4,800,318 ","$6,643,498 ","$9,413,464 ","$2,692,629 ","$2,203,216 ","$2,089,410 ","$1,491,894 ","$2,749,958 ","$19,414,622 ","$14,362,470 ","$10,059,177 ","$11,265,989 ","$15,088,968 "
Blanco,"12,735","12,171","12,365","12,365","11,835","$17,616 ","$21,105 ","$32,203 ","$44,605 ","$40,895 ",$900 ,"$1,000 ",$0 ,"$7,050 ","$9,955 ","$60,379 ","$53,423 ","$37,761 ","$56,788 ","$58,182 "
Borden,550,624,686,686,666,$900 ,"$1,200 ","$2,650 ",$600 ,$0 ,$0 ,$0 ,$0 ,$0 ,$0 ,"$4,750 ","$4,450 ","$3,650 ","$1,600 ","$1,000 "
Bosque,"18,689","18,315","19,146","19,146","18,882","$51,479 ","$46,141 ","$46,649 ","$48,402 ","$52,138 ","$29,593 ","$29,235 ","$12,812 ","$12,511 ","$27,391 ","$93,876 ","$85,250 ","$69,910 ","$73,713 ","$102,068 "
Bowie,"91,532","91,083","95,897","95,897","97,488","$378,377 ","$485,560 ","$95,868 ","$116,164 ","$133,704 ","$46,257 ","$24,125 ","$65,018 ","$46,750 ","$14,350 ","$1,357,824 ","$1,314,690 ","$1,037,990 ","$1,079,328 ","$935,386 "
Brazoria,"392,273","382,691","382,874","382,874","383,058","$2,298,272 ","$2,152,740 ","$1,487,876 ","$1,405,066 ","$1,979,957 ","$830,307 ","$733,666 ","$590,519 ","$418,670 ","$624,400 ","$3,903,482 ","$3,429,919 ","$2,592,013 ","$2,358,580 ","$3,196,039 "
Brazos,"243,443","238,164","233,071","233,071","228,292","$2,251,394 ","$1,220,051 ","$979,003 ","$1,254,572 ","$1,382,283 ","$1,332,864 ","$722,933 ","$498,078 ","$513,595 ","$655,938 ","$4,786,616 ","$2,358,172 ","$1,894,616 ","$2,189,039 ","$2,215,680 "
Brewster,"9,361","9,457","9,055","9,055","9,128","$9,404 ",$574 ,"$15,381 ","$2,007 ","$103,159 ",$995 ,$0 ,$256 ,$880 ,$391 ,"$96,278 ","$84,810 ","$87,973 ","$93,633 ","$171,091 "
Briscoe,"1,438","1,400","1,599","1,599","1,535","$1,700 ","$4,000 ",$400 ,"$2,000 ",$400 ,$300 ,$700 ,$200 ,$100 ,$400 ,"$3,000 ","$5,700 ","$1,600 ","$3,100 ","$1,800 "
Brooks,"6,958","6,910","7,060","7,060","7,242","$23,988 ","$18,610 ","$14,775 ","$9,150 ","$30,388 ","$3,125 ",$775 ,$550 ,"$2,800 ","$16,550 ","$33,763 ","$22,185 ","$27,125 ","$24,050 ","$58,238 "
Brown,"38,014","38,352","38,874","38,874","39,470","$302,361 ","$353,827 ","$206,505 ","$194,176 ","$401,396 ","$90,497 ","$65,406 ","$53,750 ","$63,060 ","$85,106 ","$469,966 ","$518,155 ","$312,282 ","$338,654 ","$570,293 "
Burleson,"19,224","17,948","18,361","18,361","18,381","$173,675 ","$231,719 ","$166,165 ","$164,796 ","$222,891 ","$51,525 ","$43,898 ","$41,385 ","$42,716 ","$39,100 ","$266,845 ","$325,106 ","$239,701 ","$253,097 ","$308,616 "
Burnet,"53,077","51,285","49,225","49,225","48,190","$122,567 ","$69,678 ","$113,902 ","$75,288 ","$105,264 ","$33,903 ","$7,150 ","$7,913 ","$4,400 ","$7,045 ","$1,782,028 ","$1,224,035 ","$694,984 ","$657,400 ","$706,180 "
Caldwell,"47,320","47,434","43,501","43,501","42,956","$214,056 ","$173,817 ","$125,431 ","$185,245 ","$169,181 ","$194,719 ","$39,030 ","$42,069 ","$93,320 ","$75,573 ","$435,817 ","$238,514 ","$201,168 ","$317,318 ","$278,414 "
Calhoun,"19,705","19,827","22,058","22,058","21,915","$230,069 ","$127,190 ","$120,433 ","$92,452 ","$114,385 ","$36,680 ","$50,978 ","$35,702 ","$32,462 ","$34,963 ","$290,052 ","$196,912 ","$175,112 ","$147,525 ","$172,933 "
Callahan,"14,605","14,385","14,027","14,027","14,102","$37,217 ","$40,444 ","$74,778 ","$81,328 ","$46,755 ","$10,625 ","$8,595 ","$10,560 ","$3,540 ","$1,145 ","$59,598 ","$50,904 ","$88,131 ","$86,543 ","$49,775 "
Cameron,"424,884","421,254","426,144","426,144","425,849","$1,512,979 ","$868,296 ","$723,424 ","$729,018 ","$1,264,107 ","$1,013,623 ","$680,060 ","$443,661 ","$530,604 ","$932,775 ","$2,929,693 ","$1,815,584 ","$1,901,809 ","$2,023,724 ","$2,892,052 "
Camp,"12,180","12,533","12,936","12,936","12,843","$76,597 ","$60,515 ","$67,752 ","$50,747 ","$27,896 ","$24,269 ","$40,960 ","$32,401 ","$44,881 ","$78,086 ","$120,901 ","$109,138 ","$105,211 ","$102,053 ","$109,883 "
Carson,"5,687","5,701","5,875","5,875","6,158","$61,958 ","$43,569 ","$27,152 ","$47,780 ","$84,245 ","$1,556 ","$1,400 ","$1,182 ",$350 ,$0 ,"$65,889 ","$50,715 ","$38,208 ","$52,948 ","$91,045 "
Cass,"28,652","28,712","30,243","30,243","30,892","$172,354 ","$230,137 ","$167,104 ","$117,172 ","$210,623 ","$37,350 ","$28,200 ","$27,011 ","$41,464 ","$58,894 ","$214,904 ","$274,034 ","$214,149 ","$175,695 ","$287,928 "
Castro,"7,263","7,202","7,260","7,260","7,672","$42,465 ","$36,382 ","$10,500 ","$16,214 ","$31,163 ",$700 ,$0 ,$0 ,$0 ,$900 ,"$48,553 ","$37,897 ","$12,015 ","$18,465 ","$34,810 "
Chambers,"52,178","50,709","44,944","44,944","43,819","$450,824 ","$515,224 ","$260,373 ","$267,495 ","$458,409 ","$173,588 ","$109,980 ","$55,400 ","$61,150 ","$62,569 ","$670,435 ","$641,788 ","$368,202 ","$375,106 ","$552,727 "
Cherokee,"51,571","51,479","53,558","53,558","53,375","$330,667 ","$417,709 ","$245,380 ","$195,119 ","$247,347 ","$23,155 ","$25,596 ","$16,600 ","$18,985 ","$33,939 ","$365,081 ","$459,281 ","$289,677 ","$217,904 ","$289,211 "
Childress,"6,828","6,729","7,052","7,052","7,007","$61,261 ","$45,649 ","$38,116 ","$71,699 ","$141,497 ","$3,450 ","$2,800 ",$800 ,"$5,550 ","$7,798 ","$67,444 ","$55,796 ","$53,976 ","$81,503 ","$155,959 "
Clay,"10,507","10,153","10,317","10,317","10,428","$47,644 ","$29,347 ","$28,964 ","$32,432 ","$34,861 ","$2,980 ","$5,395 ","$1,625 ","$2,295 ","$2,850 ","$58,104 ","$41,372 ","$37,219 ","$43,788 ","$46,255 "
Cochran,"2,536","2,549","2,890","2,890","2,931","$5,805 ","$26,087 ","$11,039 ","$6,416 ","$19,152 ",$500 ,"$1,700 ","$1,200 ","$2,300 ","$1,700 ","$16,872 ","$34,047 ","$13,539 ","$15,343 ","$24,679 "
Coke,"3,304","3,310","3,400","3,400","3,340","$13,050 ","$16,104 ","$39,059 ","$33,581 ","$7,900 ",$0 ,$0 ,$400 ,"$1,440 ",$400 ,"$18,504 ","$22,036 ","$40,459 ","$36,021 ","$9,899 "
Coleman,"7,753","7,687","8,041","8,041","8,483","$31,847 ","$39,200 ","$29,870 ","$31,814 ","$36,226 ","$5,300 ","$5,200 ","$1,700 ","$3,600 ","$7,484 ","$49,479 ","$47,607 ","$37,917 ","$38,979 ","$48,869 "
Collin,"1,190,111","1,121,133","1,047,901","1,047,901","1,018,952","$4,117,899 ","$4,124,436 ","$3,805,117 ","$3,978,669 ","$4,335,787 ","$2,236,342 ","$2,000,039 ","$1,786,624 ","$1,490,464 ","$2,011,938 ","$7,990,768 ","$7,329,321 ","$6,791,130 ","$6,787,700 ","$7,792,404 "
Collingsworth,"2,554","2,602","2,802","2,802","2,943","$6,829 ","$66,876 ","$13,216 ","$8,808 ","$11,626 ",$430 ,$250 ,$0 ,$0 ,$730 ,"$9,801 ","$70,876 ","$14,216 ","$11,254 ","$16,866 "
Colorado,"20,713","20,639","22,566","22,566","21,662","$4,750 ","$3,500 ","$3,058 ","$4,535 ","$5,400 ","$2,500 ",$500 ,"$1,500 ",$900 ,"$4,400 ","$253,570 ","$224,324 ","$209,171 ","$215,166 ","$212,376 "
Comal,"189,592","182,669","161,328","161,328","149,993","$949,232 ","$652,033 ","$453,334 ","$682,556 ","$623,499 ","$274,342 ","$250,676 ","$208,508 ","$214,226 ","$401,698 ","$1,264,100 ","$930,762 ","$700,579 ","$933,632 ","$1,071,475 "
Comanche,"14,335","13,838","13,848","13,848","13,915","$62,409 ","$144,753 ","$45,765 ","$48,146 ","$57,975 ","$30,780 ","$22,842 ","$14,121 ","$18,939 ","$12,556 ","$132,000 ","$188,997 ","$79,921 ","$78,560 ","$77,880 "
Concho,"3,363","3,326","2,715","2,715","2,044","$173,620 ","$64,034 ","$3,960 ","$23,398 ","$38,832 ",$0 ,"$1,143 ",$400 ,"$1,200 ",$800 ,"$182,046 ","$75,506 ","$5,360 ","$30,293 ","$40,692 "
Cooke,"43,219","42,164","40,685","40,685","40,176","$193,495 ","$281,910 ","$187,571 ","$219,631 ","$273,976 ","$19,750 ","$40,409 ","$41,146 ","$55,983 ","$81,679 ","$280,012 ","$365,969 ","$278,909 ","$330,851 ","$390,843 "
Coryell,"84,946","85,007","75,657","75,657","74,095","$430,997 ","$479,662 ","$275,396 ","$243,947 ","$356,809 ","$80,200 ","$79,247 ","$77,960 ","$59,850 ","$87,543 ","$565,622 ","$602,874 ","$394,797 ","$427,091 ","$568,980 "
Cottle,"1,300","1,381","1,346","1,346","1,373","$6,405 ","$18,929 ","$8,375 ","$3,674 ","$32,623 ",$300 ,$0 ,$0 ,$0 ,$150 ,"$11,130 ","$23,248 ","$9,375 ","$4,674 ","$34,103 "
Crane,"4,821","4,679","4,670","4,670","4,696","$43,890 ","$45,285 ","$27,854 ","$25,004 ","$18,050 ","$8,000 ","$5,150 ","$3,300 ","$5,050 ","$4,300 ","$56,662 ","$52,707 ","$36,426 ","$33,676 ","$25,337 "
Crockett,"3,009","3,060","3,465","3,465","3,428","$96,336 ","$45,141 ","$39,363 ","$56,301 ","$48,682 ","$15,495 ","$22,327 ","$19,445 ","$18,700 ","$25,697 ","$113,967 ","$69,604 ","$58,808 ","$80,273 ","$77,194 "
Crosby,"4,910","5,016","5,658","5,658","5,769","$11,425 ","$4,235 ","$3,100 ","$7,100 ","$9,658 ","$9,750 ","$1,410 ","$1,050 ","$1,650 ","$1,300 ","$28,997 ","$13,122 ","$6,770 ","$11,370 ","$14,381 "
Culberson,"2,116","2,194","2,228","2,228","2,154",$0 ,"$2,160 ",$350 ,$0 ,"$4,000 ",$0 ,$0 ,$0 ,$0 ,$0 ,"$781,109 ","$653,481 ","$580,047 ","$545,285 ","$427,751 "
Dallam,"7,173","7,183","6,929","6,929","7,310","$41,668 ","$33,893 ","$34,750 ","$42,504 ","$36,247 ","$20,594 ","$19,937 ","$19,857 ","$19,093 ","$18,386 ","$64,933 ","$56,392 ","$56,393 ","$63,539 ","$56,898 "
Dallas,"2,636,564","2,595,878","2,647,627","2,647,627","2,650,320","$14,205,777 ","$10,475,313 ","$8,239,790 ","$9,753,539 ","$13,420,299 ","$2,568,052 ","$2,431,585 ","$1,716,141 ","$2,176,818 ","$2,927,885 ","$37,044,366 ","$30,206,211 ","$31,666,238 ","$32,511,082 ","$37,533,215 "
Dawson,"11,930","12,438","12,652","12,652","12,544","$76,054 ","$33,460 ","$35,190 ","$41,856 ","$46,089 ","$18,000 ","$17,500 ","$8,500 ","$5,950 ","$6,800 ","$102,992 ","$63,255 ","$52,176 ","$60,580 ","$62,852 "
Deaf Smith,"18,392","18,315","19,572","19,572","19,461","$240,020 ","$148,427 ","$96,946 ","$121,918 ","$187,375 ",$900 ,"$2,308 ","$3,505 ","$6,640 ","$2,285 ","$276,241 ","$167,365 ","$131,740 ","$146,107 ","$213,107 "
Delta,"5,483","5,345","5,304","5,304","5,254","$25,400 ","$20,000 ","$7,800 ","$5,100 ","$12,100 ","$6,400 ","$4,200 ","$1,000 ","$2,700 ","$4,600 ","$32,100 ","$25,100 ","$8,800 ","$8,050 ","$17,200 "
Denton,"995,510","957,367","904,005","904,005","861,357","$3,574,209 ","$2,994,898 ","$3,126,204 ","$2,536,339 ","$2,996,541 ","$1,446,376 ","$1,345,256 ","$1,261,641 ","$1,011,837 ","$1,291,772 ","$5,339,732 ","$4,571,496 ","$4,625,432 ","$3,776,878 ","$4,576,917 "
DeWitt,"19,506","19,875","20,459","20,459","20,860","$213,627 ","$193,180 ","$153,698 ","$122,222 ","$101,041 ","$8,050 ","$10,563 ","$10,933 ","$19,612 ","$27,324 ","$234,333 ","$218,947 ","$178,889 ","$151,359 ","$139,518 "
Dickens,"1,737","1,726","2,054","2,054","2,271","$4,565 ","$2,000 ","$3,200 ","$2,624 ","$8,602 ",$300 ,"$1,100 ",$100 ,$0 ,"$1,500 ","$5,865 ","$4,100 ","$4,300 ","$3,624 ","$11,202 "
Dimmit,"8,280","8,557","9,426","9,426","10,020","$45,473 ","$15,828 ","$2,333 ","$9,895 ","$29,093 ","$12,100 ","$1,902 ",$0 ,"$2,137 ","$2,025 ","$61,618 ","$21,915 ","$6,343 ","$16,967 ","$36,358 "
Donley,"3,270","3,287","3,170","3,170","3,359","$13,822 ","$20,493 ","$16,988 ","$14,514 ","$65,782 ",$0 ,$0 ,$0 ,$460 ,$570 ,"$20,446 ","$24,281 ","$21,515 ","$21,416 ","$70,931 "
Duval,"9,912","9,385","10,860","10,860","10,949","$5,035 ","$8,397 ",$0 ,"$4,400 ","$6,730 ",$700 ,$900 ,"$1,550 ",$0 ,$800 ,"$54,129 ","$58,141 ","$51,759 ","$55,324 ","$112,777 "
Eastland,"18,092","17,843","18,278","18,278","18,416","$121,351 ","$130,829 ","$110,308 ","$95,787 ","$165,155 ","$32,262 ","$40,375 ","$25,775 ","$37,725 ","$45,825 ","$168,922 ","$194,245 ","$146,664 ","$157,346 ","$222,886 "
Ector,"173,239","159,230","169,394","169,394","165,230","$1,438,936 ","$1,218,606 ","$832,332 ","$891,269 ","$827,428 ","$474,241 ","$380,195 ","$253,275 ","$233,750 ","$245,775 ","$2,132,198 ","$2,006,119 ","$1,327,224 ","$1,351,586 ","$1,369,320 "
Edwards,"1,411","1,411","1,979","1,979","1,912","$14,783 ","$22,937 ","$14,139 ","$2,494 ","$4,456 ",$403 ,$683 ,$608 ,$385 ,$791 ,"$16,185 ","$24,620 ","$15,747 ","$4,211 ","$6,247 "
Ellis,"215,401","208,861","191,469","191,469","182,439","$1,628,419 ","$1,277,310 ","$1,088,389 ","$991,002 ","$984,926 ","$561,275 ","$552,410 ","$431,038 ","$419,368 ","$545,872 ","$2,381,520 ","$2,007,084 ","$1,683,011 ","$1,584,409 ","$1,620,581 "
El Paso,"869,608","874,347","851,888","851,888","855,623","$2,361,326 ","$2,344,566 ","$1,869,228 ","$2,555,311 ","$3,057,133 ","$738,161 ","$680,733 ","$935,007 ","$1,123,096 ","$1,752,752 ","$17,250,721 ","$15,088,658 ","$13,355,818 ","$13,661,891 ","$15,005,802 "
Erath,"43,140","43,749","43,110","43,110","43,366","$88,260 ","$65,567 ","$54,500 ","$55,398 ","$100,485 ","$29,925 ","$23,924 ","$36,425 ","$40,265 ","$55,100 ","$127,210 ","$91,979 ","$93,075 ","$98,448 ","$161,985 "
Falls,"17,275","16,612","17,432","17,432","17,346","$152,952 ","$175,792 ","$133,346 ","$156,706 ","$139,050 ","$43,410 ","$46,344 ","$27,800 ","$41,035 ","$39,475 ","$228,243 ","$259,318 ","$184,102 ","$213,816 ","$206,861 "
Fannin,"37,300","36,670","36,727","36,727","35,347","$500,239 ","$371,919 ","$475,970 ","$300,745 ","$215,676 ","$53,230 ","$48,895 ","$54,755 ","$24,629 ","$53,700 ","$636,216 ","$478,767 ","$562,553 ","$379,964 ","$329,459 "
Fayette,"25,003","24,529","26,522","26,522","25,816","$222,179 ","$282,508 ","$87,439 ","$212,577 ","$100,143 ","$46,718 ","$42,742 ","$53,401 ","$50,568 ","$59,730 ","$300,702 ","$369,633 ","$154,324 ","$272,403 ","$161,325 "
Fisher,"3,559","3,728","3,897","3,897","3,708","$29,648 ","$20,350 ","$20,175 ","$4,250 ","$9,950 ","$1,200 ","$3,900 ",$600 ,$350 ,"$1,500 ","$32,148 ","$25,250 ","$21,775 ","$5,600 ","$12,481 "
Floyd,"5,124","5,273","5,445","5,445","5,698","$9,475 ","$17,473 ","$6,360 ","$8,616 ","$11,460 ","$1,900 ","$2,250 ","$2,550 ",$450 ,"$3,850 ","$13,356 ","$21,304 ","$10,441 ","$10,647 ","$17,682 "
Foard,"1,069","1,073","1,102","1,102","1,205","$2,750 ","$4,375 ","$1,175 ","$2,234 ",$750 ,$0 ,$0 ,$0 ,"$1,500 ","$1,459 ","$3,750 ","$5,375 ","$2,175 ","$5,184 ","$3,209 "
Fort Bend,"878,774","875,921","818,912","818,912","786,213","$5,132,478 ","$3,698,561 ","$3,338,889 ","$4,303,707 ","$3,641,187 ","$1,760,841 ","$1,369,948 ","$1,173,107 ","$1,373,103 ","$1,476,989 ","$10,837,165 ","$8,789,102 ","$7,884,835 ","$8,842,264 ","$8,053,973 "
Franklin,"11,161","10,477","10,792","10,792","10,748","$36,628 ","$45,345 ","$36,625 ","$41,512 ","$44,218 ","$2,500 ","$2,000 ","$2,900 ","$1,050 ","$4,100 ","$50,586 ","$59,103 ","$50,683 ","$54,820 ","$63,180 "
Freestone,"19,918","19,853","20,732","20,732","20,472","$123,096 ","$217,669 ","$130,328 ","$96,223 ","$126,070 ","$13,475 ","$12,309 ","$14,044 ","$12,653 ","$16,595 ","$146,307 ","$237,464 ","$151,485 ","$117,011 ","$155,752 "
Frio,"18,219","19,030","18,937","18,937","19,735","$60,816 ","$59,676 ","$46,305 ","$36,850 ","$108,120 ","$21,700 ","$11,100 ","$14,000 ","$6,400 ","$12,200 ","$180,196 ","$167,052 ","$122,898 ","$52,737 ","$134,193 "
Gaines,"22,052","22,010","21,258","21,258","21,200","$165,676 ","$64,297 ","$34,188 ","$25,432 ","$26,530 ","$26,724 ","$14,646 ","$11,307 ","$12,768 ","$17,347 ","$223,888 ","$101,002 ","$72,054 ","$65,980 ","$72,763 "
Galveston,"359,148","353,670","341,146","341,146","339,241","$1,950,713 ","$1,999,507 ","$1,396,308 ","$1,547,584 ","$1,933,059 ","$428,038 ","$607,422 ","$446,432 ","$420,456 ","$540,968 ","$3,646,442 ","$4,187,188 ","$2,627,264 ","$2,574,543 ","$2,950,054 "
Garza,"6,061","5,775","5,978","5,978","6,360","$39,277 ","$32,685 ","$25,649 ","$21,540 ","$22,653 ",$0 ,"$1,500 ","$1,075 ","$3,710 ","$3,695 ","$45,315 ","$37,182 ","$28,419 ","$27,212 ","$30,992 "
Gillespie,"27,907","27,284","27,617","27,617","27,016","$44,944 ","$80,211 ","$100,553 ","$143,310 ","$144,905 ","$8,284 ","$22,162 ","$24,326 ","$17,992 ","$21,483 ","$278,827 ","$276,719 ","$204,422 ","$166,287 ","$194,935 "
Glasscock,"1,194","1,120","1,363","1,363","1,448","$5,550 ","$8,100 ","$4,500 ","$3,600 ","$1,150 ",$0 ,$0 ,$0 ,$0 ,$400 ,"$6,550 ","$9,100 ","$5,500 ","$4,600 ","$3,150 "
Goliad,"7,042","7,204","8,127","8,127","7,869","$24,102 ","$22,470 ","$8,665 ","$12,311 ","$13,864 ",$325 ,$0 ,$0 ,$0 ,$400 ,"$221,624 ","$141,328 ","$125,948 ","$129,594 ","$132,410 "
Gonzales,"19,887","19,446","20,819","20,819","20,659","$216,572 ","$135,861 ","$104,267 ","$114,831 ","$141,596 ","$47,170 ","$35,423 ","$24,296 ","$20,649 ","$38,986 ","$267,192 ","$176,802 ","$137,179 ","$141,684 ","$190,523 "
Gray,"20,729","20,688","21,900","21,900","21,657","$180,309 ","$150,686 ","$135,041 ","$185,451 ","$184,236 ","$68,850 ","$47,230 ","$38,900 ","$33,845 ","$39,550 ","$273,274 ","$220,631 ","$194,306 ","$246,760 ","$250,271 "
Grayson,"145,044","141,115","136,052","136,052","137,479","$695,173 ","$589,979 ","$563,108 ","$589,409 ","$749,555 ","$233,220 ","$160,987 ","$100,129 ","$141,731 ","$216,717 ","$1,117,166 ","$981,958 ","$865,051 ","$959,101 ","$1,159,804 "
Gregg,"126,871","122,246","126,225","126,225","126,215","$807,933 ","$928,100 ","$749,046 ","$700,157 ","$820,307 ","$309,489 ","$303,429 ","$301,482 ","$314,910 ","$348,267 ","$1,179,100 ","$1,383,505 ","$1,103,271 ","$1,129,497 ","$1,269,069 "
Grimes,"30,240","30,439","29,730","29,730","29,190","$376,546 ","$199,616 ","$92,410 ","$168,138 ","$251,706 ","$43,380 ","$55,690 ","$53,759 ","$31,425 ","$26,621 ","$449,586 ","$266,401 ","$165,599 ","$224,385 ","$292,029 "
Guadalupe,"184,640","177,449","169,139","169,139","165,452","$766,963 ","$597,101 ","$365,605 ","$363,726 ","$435,477 ","$165,610 ","$154,974 ","$115,815 ","$124,801 ","$157,401 ","$1,045,720 ","$815,213 ","$533,788 ","$549,662 ","$673,760 "
Hale,"31,478","31,877","32,864","32,864","33,987","$247,916 ","$195,121 ","$160,074 ","$170,130 ","$151,750 ","$69,838 ","$71,902 ","$26,470 ","$41,396 ","$57,888 ","$345,652 ","$295,157 ","$212,767 ","$237,158 ","$248,491 "
Hall,"2,805","2,824","2,969","2,969","3,095","$26,882 ","$21,482 ","$25,002 ","$20,475 ","$32,424 ","$3,770 ","$1,000 ",$480 ,$0 ,$366 ,"$32,127 ","$28,372 ","$26,682 ","$25,925 ","$44,047 "
Hamilton,"8,162","8,043","8,637","8,637","8,625",$0 ,"$25,514 ","$28,478 ","$32,227 ","$39,394 ","$33,001 ","$7,900 ","$5,200 ","$7,200 ","$8,000 ","$34,610 ","$35,323 ","$35,287 ","$41,236 ","$50,403 "
Hansford,"5,175","5,140","5,288","5,288","5,405","$13,390 ","$27,225 ","$22,390 ","$22,738 ","$25,033 ","$1,350 ","$2,500 ","$1,500 ",$850 ,"$2,000 ","$24,983 ","$34,463 ","$27,150 ","$28,666 ","$32,041 "
Hardeman,"3,449","3,477","3,873","3,873","3,761","$39,695 ","$33,361 ","$5,600 ","$16,031 ","$38,839 ","$4,450 ","$1,950 ","$3,540 ","$5,950 ","$8,534 ","$69,036 ","$38,416 ","$12,128 ","$28,145 ","$57,335 "
Hardin,"58,345","57,061","59,592","59,592","58,370","$335,708 ","$277,373 ","$199,382 ","$272,885 ","$281,247 ","$43,725 ","$61,815 ","$37,375 ","$40,725 ","$64,385 ","$428,519 ","$382,024 ","$276,393 ","$354,312 ","$408,014 "
Harris,"4,845,463","4,759,954","4,703,708","4,703,708","4,714,391","$58,683,160 ","$48,541,286 ","$34,057,364 ","$30,918,307 ","$31,355,232 ","$14,867,650 ","$8,569,235 ","$6,354,429 ","$5,023,460 ","$5,473,856 ","$113,513,803 ","$96,951,404 ","$69,252,850 ","$58,306,775 ","$55,299,196 "
Harrison,"69,907","69,219","68,703","68,703","68,682","$406,449 ","$284,875 ","$189,336 ","$235,861 ","$330,618 ","$147,090 ","$139,377 ","$162,750 ","$151,624 ","$214,212 ","$632,159 ","$503,106 ","$382,481 ","$430,628 ","$623,566 "
Hartley,"5,330","5,331","5,887","5,887","5,647","$22,616 ","$33,575 ","$35,748 ","$150,718 ","$36,481 ","$16,930 ","$17,906 ","$14,133 ","$13,302 ","$15,896 ","$45,001 ","$52,582 ","$64,544 ","$185,130 ","$58,645 "
Haskell,"5,447","5,369","5,572","5,572","5,764","$73,061 ","$31,971 ","$29,019 ","$25,124 ","$30,324 ","$17,445 ","$7,000 ","$9,088 ","$10,250 ","$17,035 ","$92,304 ","$40,461 ","$38,107 ","$41,476 ","$51,861 "
Hays,"279,579","264,252","232,080","232,080","226,853","$2,536,253 ","$2,127,505 ","$899,193 ","$1,079,989 ","$1,188,961 ","$1,273,592 ","$1,034,057 ","$686,920 ","$224,384 ","$194,073 ","$5,231,751 ","$3,226,257 ","$1,715,447 ","$1,449,018 ","$1,512,805 "
Hemphill,"3,321","3,203","3,827","3,827","3,779","$5,401 ","$7,450 ","$8,250 ","$8,350 ","$12,750 ","$5,850 ","$8,450 ","$2,250 ","$4,952 ","$19,000 ","$12,251 ","$16,900 ","$12,000 ","$15,302 ","$32,750 "
Henderson,"83,489","84,692","83,220","83,220","82,422","$628,429 ","$637,008 ","$619,987 ","$634,804 ","$550,906 ","$108,300 ","$118,593 ","$136,202 ","$119,723 ","$116,775 ","$788,477 ","$801,180 ","$797,241 ","$813,147 ","$691,474 "
Hidalgo,"893,365","884,299","888,958","888,958","890,414","$4,576,603 ","$2,705,229 ","$2,141,110 ","$2,961,437 ","$3,642,595 ","$2,040,143 ","$1,333,280 ","$1,431,752 ","$1,518,775 ","$2,242,594 ","$8,704,397 ","$6,031,361 ","$5,638,786 ","$6,637,120 ","$8,128,788 "
Hill,"38,061","36,722","37,470","37,470","36,532","$278,530 ","$206,470 ","$180,210 ","$181,342 ","$216,228 ","$121,576 ","$101,744 ","$76,804 ","$117,391 ","$109,470 ","$438,535 ","$339,367 ","$281,414 ","$338,100 ","$358,995 "
Hockley,"21,266","21,116","22,603","22,603","23,232","$268,304 ","$356,520 ","$357,150 ","$75,540 ","$128,204 ","$33,000 ","$26,400 ","$25,355 ","$22,100 ","$34,000 ","$314,653 ","$398,282 ","$403,040 ","$117,104 ","$169,969 "
Hood,"66,251","64,228","61,387","61,387","61,334","$279,560 ","$235,941 ","$188,663 ","$140,740 ","$158,592 ","$127,801 ","$103,221 ","$120,811 ","$92,025 ","$133,503 ","$552,618 ","$421,717 ","$373,002 ","$311,927 ","$405,502 "
Hopkins,"38,296","37,368","37,475","37,475","37,163","$196,600 ","$193,549 ","$218,496 ","$150,050 ","$187,466 ","$40,468 ","$39,400 ","$16,450 ","$22,350 ","$16,100 ","$293,052 ","$250,098 ","$271,290 ","$194,649 ","$225,868 "
Houston,"21,475","22,262","23,439","23,439","23,319","$224,338 ","$163,954 ","$104,025 ","$137,687 ","$203,636 ","$80,500 ","$58,955 ","$47,613 ","$51,198 ","$54,171 ","$333,537 ","$246,921 ","$173,149 ","$209,395 ","$298,539 "
Howard,"33,102","34,340","36,421","36,421","36,004","$179,499 ","$125,044 ","$109,813 ","$103,988 ","$146,500 ","$85,150 ","$68,400 ","$51,700 ","$35,000 ","$54,500 ","$287,162 ","$210,234 ","$180,083 ","$171,728 ","$253,046 "
Hudspeth,"3,451","3,220","3,683","3,683","3,655","$5,236 ","$2,474 ","$3,567 ","$6,354 ","$10,727 ",$143 ,$0 ,$0 ,$0 ,"$1,400 ","$40,189 ","$40,928 ","$37,123 ","$39,911 ","$36,127 "
Hunt,"110,950","103,845","98,685","98,685","97,442","$936,401 ","$1,042,614 ","$637,470 ","$931,390 ","$998,915 ","$329,457 ","$345,291 ","$292,465 ","$171,883 ","$275,199 ","$1,439,075 ","$1,578,380 ","$1,040,595 ","$1,268,852 ","$1,540,761 "
Hutchinson,"19,989","20,174","20,439","20,439","20,591","$305,249 ","$282,055 ","$134,010 ","$119,760 ","$221,337 ","$43,400 ","$34,350 ","$24,300 ","$13,400 ","$14,300 ","$386,128 ","$345,593 ","$174,538 ","$152,018 ","$251,085 "
Irion,"1,517","1,596","1,584","1,584","1,652","$20,428 ","$7,830 ","$2,612 ","$7,391 ","$3,426 ",$0 ,"$1,500 ",$0 ,$0 ,$0 ,"$25,072 ","$14,312 ","$3,612 ","$8,391 ","$4,426 "
Jack,"8,937","8,905","9,305","9,305","9,229","$72,900 ","$41,220 ","$20,502 ","$43,065 ","$62,564 ","$18,410 ","$14,650 ","$15,080 ","$12,543 ","$6,700 ","$95,978 ","$75,325 ","$38,605 ","$70,075 ","$83,178 "
Jackson,"14,995","15,150","14,256","14,256","15,302","$386,511 ","$234,761 ","$128,047 ","$138,756 ","$124,744 ","$8,495 ","$15,156 ","$10,393 ","$7,876 ","$13,437 ","$485,600 ","$301,047 ","$157,338 ","$173,548 ","$167,094 "
Jasper,"32,395","32,747","35,353","35,353","36,746","$188,812 ","$155,011 ","$123,815 ","$124,507 ","$183,532 ","$58,100 ","$42,000 ","$36,484 ","$24,450 ","$44,380 ","$254,912 ","$206,686 ","$169,749 ","$157,957 ","$252,272 "
Jeff Davis,"1,956","1,972","2,408","2,408","2,481","$2,791 ",$930 ,"$1,936 ",$0 ,"$4,051 ",$0 ,$0 ,$0 ,$263 ,$615 ,"$14,566 ","$11,775 ","$12,995 ","$13,965 ","$17,886 "
Jefferson,"252,538","251,890","250,803","250,803","253,046","$1,762,900 ","$1,450,440 ","$1,221,776 ","$1,356,075 ","$1,395,499 ","$178,313 ","$230,207 ","$163,631 ","$103,838 ","$117,375 ","$2,167,480 ","$1,850,641 ","$1,493,290 ","$1,587,725 ","$1,699,363 "
Jim Hogg,"4,656","4,815","5,079","5,079","5,129","$1,350 ","$1,400 ",$0 ,$0 ,$0 ,$0 ,$0 ,$0 ,$600 ,$800 ,"$48,600 ","$40,345 ","$18,468 ","$33,386 ","$38,594 "
Jim Wells,"39,008","37,520","39,759","39,759","41,518","$67,085 ","$47,550 ","$34,460 ","$48,618 ","$116,295 ","$80,245 ","$102,395 ","$62,565 ","$67,295 ","$54,190 ","$222,596 ","$220,004 ","$121,457 ","$139,108 ","$208,935 "
Johnson,"197,638","191,361","175,987","175,987","173,191","$818,644 ","$787,914 ","$695,333 ","$682,797 ","$757,729 ","$211,090 ","$198,750 ","$160,288 ","$150,750 ","$245,915 ","$1,161,416 ","$1,084,693 ","$916,846 ","$910,202 ","$1,135,207 "
Jones,"20,112","19,826","19,745","19,745","19,704","$150,781 ","$208,114 ","$69,470 ","$60,389 ","$292,099 ","$15,530 ","$11,801 ","$6,683 ","$12,580 ","$12,936 ","$186,427 ","$221,015 ","$79,703 ","$83,244 ","$310,257 "
Karnes,"14,678","14,559","15,778","15,778","15,304","$60,433 ","$21,706 ","$23,877 ","$39,524 ","$70,803 ",$0 ,"$27,100 ","$18,850 ","$50,650 ","$76,425 ","$63,747 ","$122,816 ","$45,641 ","$99,367 ","$158,152 "
Kaufman,"177,704","163,214","140,667","140,667","128,122","$654,271 ","$524,601 ","$332,832 ","$306,679 ","$287,465 ","$199,823 ","$210,767 ","$182,269 ","$201,250 ","$221,210 ","$2,049,862 ","$1,905,598 ","$1,176,637 ","$1,240,586 ","$1,282,136 "
Kendall,"48,178","47,777","47,700","47,700","47,453","$110,370 ","$299,730 ","$375,554 ","$163,086 ","$276,781 ","$36,526 ","$46,601 ","$76,030 ","$80,389 ","$79,905 ","$264,933 ","$523,997 ","$547,277 ","$262,503 ","$373,116 "
Kenedy,365,321,378,378,412,"$63,021 ","$14,291 ","$15,680 ","$14,910 ","$18,076 ","$2,100 ",$900 ,"$1,568 ","$3,353 ","$1,965 ","$66,121 ","$16,191 ","$18,248 ","$19,263 ","$20,041 "
Kent,738,747,754,754,764,"$3,013 ",$900 ,"$1,675 ","$3,470 ","$4,106 ",$200 ,$0 ,$0 ,$0 ,$0 ,"$4,213 ","$1,900 ","$2,675 ","$4,470 ","$5,106 "
Kerr,"54,073","53,894","53,024","53,024","52,575","$84,900 ","$240,576 ","$344,245 ","$353,385 ","$479,080 ","$35,677 ","$43,139 ","$32,557 ","$91,042 ","$184,634 ","$217,460 ","$3,338,461 ","$1,652,793 ","$482,418 ","$733,037 "
Kimble,"4,579","4,234","4,581","4,581","4,722","$76,309 ","$15,152 ","$26,662 ","$19,920 ","$31,315 ","$3,788 ","$3,906 ","$2,778 ","$1,414 ","$2,106 ","$81,553 ","$22,898 ","$34,630 ","$26,018 ","$39,440 "
King,254,256,275,275,254, ,$0 , , , , ,$0 , , , ,"$1,000 ","$1,000 ","$1,000 ","$1,000 ","$1,000 "
Kinney,"3,086","3,130","3,594","3,594","3,711","$19,600 ","$15,170 ","$7,600 ","$10,659 ","$10,310 ","$7,976 ",$0 ,$350 ,$0 ,$250 ,"$30,226 ","$16,170 ","$10,750 ","$12,859 ","$16,687 "
Kleberg,"30,547","30,792","32,158","32,158","32,580","$347,939 ","$332,905 ","$131,753 ","$145,755 ","$206,949 ","$192,300 ","$128,825 ","$95,350 ","$74,950 ","$116,790 ","$548,989 ","$473,880 ","$234,628 ","$233,705 ","$339,239 "
Knox,"3,234","3,359","3,796","3,796","3,393","$10,539 ","$14,705 ","$6,599 ","$17,974 ","$9,967 ","$1,850 ",$0 ,"$11,000 ",$750 ,"$2,000 ","$23,748 ","$23,743 ","$18,599 ","$19,724 ","$12,967 "
Lamar,"50,142","49,788","50,436","50,436","50,279","$202,885 ","$207,663 ","$239,443 ","$139,569 ","$293,601 ","$89,250 ","$123,693 ","$119,455 ","$86,536 ","$74,526 ","$376,515 ","$421,298 ","$388,618 ","$338,552 ","$463,518 "
Lamb,"12,606","12,747","12,412","12,412","12,696","$38,250 ","$65,443 ","$39,767 ","$62,355 ","$56,650 ","$9,175 ","$13,400 ","$8,525 ","$11,125 ","$13,625 ","$60,018 ","$89,196 ","$53,550 ","$79,738 ","$80,957 "
Lampasas,"22,950","22,603","21,395","21,395","21,220","$103,970 ","$70,949 ","$69,705 ","$76,740 ","$86,762 ","$25,475 ","$22,250 ","$16,300 ","$16,425 ","$20,475 ","$133,995 ","$97,249 ","$98,583 ","$94,655 ","$109,937 "
La Salle,"6,575","6,646","7,391","7,391","7,403","$66,165 ","$50,643 ","$19,800 ","$19,501 ","$46,338 ","$6,650 ","$14,550 ","$7,900 ","$11,300 ","$26,400 ","$82,721 ","$71,024 ","$33,531 ","$37,032 ","$81,252 "
Lavaca,"20,532","20,952","20,511","20,511","20,447","$15,600 ","$11,963 ","$11,975 ","$11,096 ","$64,356 ","$2,025 ","$1,950 ","$2,075 ","$1,200 ","$7,310 ","$380,014 ","$231,659 ","$229,544 ","$229,390 ","$292,310 "
Lee,"18,138","17,629","17,432","17,432","17,373","$183,203 ","$117,614 ","$124,840 ","$122,831 ","$142,460 ","$31,625 ","$31,737 ","$36,304 ","$30,963 ","$33,000 ","$233,856 ","$176,500 ","$174,877 ","$181,820 ","$198,100 "
Leon,"16,727","15,707","17,649","17,649","17,453","$156,615 ","$113,145 ","$67,791 ","$47,658 ","$77,446 ","$10,050 ","$4,650 ","$8,150 ","$8,983 ","$20,883 ","$187,299 ","$130,696 ","$85,284 ","$70,121 ","$113,815 "
Liberty,"103,692","100,883","93,496","93,496","88,248","$489,889 ","$410,024 ","$274,003 ","$254,827 ","$379,444 ","$208,975 ","$194,550 ","$155,420 ","$109,795 ","$121,025 ","$767,502 ","$676,256 ","$454,440 ","$391,864 ","$545,490 "
Limestone,"21,848","22,148","23,654","23,654","23,725","$96,231 ","$154,675 ","$103,584 ","$117,443 ","$162,575 ","$27,744 ","$22,559 ","$22,080 ","$25,168 ","$43,153 ","$218,391 ","$264,616 ","$206,387 ","$247,392 ","$294,712 "
Lipscomb,"3,059","2,836","3,153","3,153","3,320","$16,084 ","$12,519 ","$5,204 ","$3,058 ","$10,000 ",$0 ,$750 ,$0 ,"$2,922 ","$2,800 ","$17,678 ","$14,269 ","$6,204 ","$6,980 ","$15,300 "
Live Oak,"11,260","11,115","12,208","12,208","12,042","$18,377 ","$24,188 ","$14,985 ","$5,735 ","$16,948 ","$4,035 ",$310 ,$240 ,$0 ,"$1,120 ","$172,375 ","$103,943 ","$94,670 ","$85,180 ","$118,805 "
Llano,"22,964","21,952","21,890","21,890","21,863","$43,994 ","$28,175 ","$131,575 ","$129,245 ","$140,997 ","$1,250 ","$10,200 ","$9,520 ","$6,250 ","$9,830 ","$153,889 ","$86,800 ","$146,495 ","$141,068 ","$164,759 "
Loving,52,58,96,96,103,"$14,540 ","$12,520 ","$11,545 ","$7,876 ","$5,248 ",$0 ,"$1,020 ",$0 ,$360 ,$0 ,"$15,540 ","$14,540 ","$12,545 ","$9,236 ","$6,248 "
Lubbock,"321,312","318,368","309,880","309,880","307,870","$3,751,478 ","$3,209,062 ","$2,303,591 ","$2,618,072 ","$2,231,097 ","$1,088,408 ","$915,793 ","$853,438 ","$867,658 ","$748,876 ","$6,135,374 ","$5,349,530 ","$4,547,471 ","$4,800,467 ","$4,262,187 "
Lynn,"5,670","5,630","6,243","6,243","5,942","$35,325 ","$17,721 ","$10,773 ","$6,804 ","$7,778 ","$13,500 ","$10,050 ","$4,400 ","$3,000 ","$4,200 ","$54,275 ","$32,710 ","$19,591 ","$14,450 ","$17,379 "
McCulloch,"7,494","7,446","8,313","8,313","8,311","$86,059 ","$60,528 ","$43,549 ","$30,752 ","$51,961 ","$13,305 ","$8,428 ","$4,989 ","$5,899 ","$8,616 ","$103,205 ","$72,055 ","$53,392 ","$39,080 ","$65,895 "
McLennan,"266,612","261,318","255,372","255,372","255,816","$2,707,541 ","$2,324,682 ","$1,726,190 ","$1,688,285 ","$2,300,952 ","$995,071 ","$991,100 ","$763,476 ","$685,293 ","$1,085,791 ","$4,154,398 ","$3,680,493 ","$2,795,863 ","$2,577,049 ","$3,542,531 "
McMullen,563,597,748,748,740,$0 ,"$8,510 ","$2,195 ","$6,601 ","$3,346 ",$0 ,$0 ,$0 ,$0 ,$0 ,"$47,910 ","$26,343 ","$11,964 ","$16,369 ","$16,273 "
Madison,"13,766","13,591","14,088","14,088","14,468","$151,430 ","$68,799 ","$43,983 ","$82,572 ","$75,022 ","$54,750 ","$11,200 ","$16,630 ","$40,807 ","$57,250 ","$226,126 ","$94,829 ","$75,443 ","$138,509 ","$151,981 "
Marion,"9,183","9,685","9,662","9,662","9,860","$57,056 ","$51,311 ","$48,906 ","$49,092 ","$37,844 ","$26,310 ","$19,265 ","$31,740 ","$27,013 ","$36,349 ","$92,115 ","$89,313 ","$84,195 ","$86,026 ","$95,387 "
Martin,"5,125","5,281","5,739","5,739","5,875","$18,600 ","$17,700 ","$10,150 ","$14,700 ","$10,450 ",$800 ,$294 ,"$1,420 ",$900 ,$0 ,"$20,644 ","$18,994 ","$13,770 ","$17,300 ","$11,695 "
Mason,"4,028","3,881","4,318","4,318","4,340","$17,851 ","$8,092 ","$12,856 ","$4,538 ","$16,711 ","$5,530 ","$2,503 ","$1,509 ","$1,178 ","$4,772 ","$24,637 ","$13,411 ","$15,739 ","$8,480 ","$22,524 "
Matagorda,"35,971","36,540","36,158","36,158","36,488","$299,951 ","$194,704 ","$152,595 ","$131,020 ","$160,770 ","$20,400 ","$13,600 ","$11,150 ","$11,225 ","$17,500 ","$347,551 ","$239,836 ","$193,570 ","$225,388 ","$234,522 "
Maverick,"57,961","57,355","58,116","58,116","57,272","$84,248 ","$17,977 ","$10,829 ","$14,535 ","$37,906 ",$0 ,$0 ,"$1,650 ",$750 ,"$7,975 ","$84,898 ","$18,177 ","$13,254 ","$18,835 ","$50,291 "
Medina,"52,336","51,529","54,612","54,612","52,191","$43,734 ","$101,098 ","$206,351 ","$260,063 ","$394,536 ","$3,305 ","$11,633 ","$34,098 ","$29,106 ","$44,695 ","$2,948,071 ","$359,839 ","$385,505 ","$323,091 ","$467,004 "
Menard,"1,971","1,990","2,124","2,124","2,134","$7,836 ","$14,332 ","$3,307 ","$6,293 ","$10,353 ","$6,254 ","$2,230 ","$2,223 ","$2,256 ","$7,753 ","$16,236 ","$17,824 ","$6,529 ","$15,886 ","$20,105 "
Midland,"173,643","168,242","179,232","179,232","175,630","$1,708,988 ","$1,581,923 ","$1,456,349 ","$1,183,037 ","$1,312,004 ","$532,325 ","$392,125 ","$167,840 ","$148,030 ","$212,100 ","$2,535,647 ","$2,219,380 ","$1,788,156 ","$1,540,500 ","$1,781,120 "
Milam,"25,752","25,107","25,157","25,157","25,288","$175,418 ","$120,326 ","$105,442 ","$93,557 ","$183,761 ","$19,288 ","$6,104 ","$11,162 ","$11,282 ","$18,196 ","$216,972 ","$147,012 ","$138,685 ","$130,876 ","$230,064 "
Mills,"4,546","4,452","4,875","4,875","4,940","$41,714 ","$28,391 ","$18,730 ","$30,286 ","$26,960 ","$4,755 ","$1,850 ","$1,700 ","$3,500 ","$4,090 ","$59,751 ","$51,711 ","$31,745 ","$47,436 ","$50,334 "
Mitchell,"8,882","8,986","8,685","8,685","8,135","$98,167 ","$73,955 ","$74,237 ","$59,661 ","$53,067 ","$8,272 ","$7,200 ","$5,084 ","$4,800 ","$2,300 ","$109,925 ","$85,497 ","$83,359 ","$66,654 ","$60,929 "
Montague,"21,370","20,130","19,712","19,712","19,631","$63,582 ","$87,120 ","$91,872 ","$59,018 ","$109,693 ","$6,865 ","$7,860 ","$6,810 ","$6,400 ","$11,700 ","$88,530 ","$115,213 ","$115,915 ","$81,901 ","$146,942 "
Montgomery,"690,414","667,076","609,172","609,172","610,513","$4,167,059 ","$3,887,351 ","$3,660,357 ","$3,947,390 ","$4,401,682 ","$1,292,528 ","$1,009,958 ","$853,204 ","$894,243 ","$1,063,062 ","$5,838,533 ","$5,623,141 ","$5,201,620 ","$5,601,582 ","$6,168,323 "
Moore,"21,090","20,970","20,902","20,902","20,615","$93,028 ","$148,185 ","$143,720 ","$109,735 ","$68,858 ","$268,949 ","$177,232 ","$153,924 ","$168,642 ","$210,553 ","$390,116 ","$344,533 ","$322,890 ","$309,012 ","$311,658 "
Morris,"12,049","12,059","12,468","12,468","12,258","$77,038 ","$89,214 ","$75,903 ","$73,108 ","$58,529 ","$26,563 ","$9,669 ","$13,034 ","$16,097 ","$30,738 ","$103,600 ","$101,467 ","$96,362 ","$99,940 ","$97,608 "
Motley,"1,024","1,048","1,196","1,196","1,225","$3,000 ","$5,023 ","$2,240 ","$5,690 ","$3,184 ",$500 ,$500 ,$100 ,$0 ,$500 ,"$5,800 ","$6,523 ","$3,340 ","$6,690 ","$4,684 "
Nacogdoches,"65,318","64,309","64,850","64,850","65,483","$312,577 ","$293,901 ","$151,934 ","$145,101 ","$228,046 ","$100,554 ","$129,086 ","$72,243 ","$78,686 ","$95,162 ","$474,223 ","$465,479 ","$240,921 ","$271,237 ","$357,996 "
Navarro,"55,334","53,839","52,973","52,973","50,263","$1,050,726 ","$548,430 ","$408,416 ","$570,944 ","$645,314 ","$122,425 ","$79,133 ","$46,732 ","$71,230 ","$81,112 ","$1,362,274 ","$692,632 ","$496,476 ","$687,369 ","$784,805 "
Newton,"11,836","12,367","13,103","13,103","13,692","$38,270 ","$37,550 ","$57,949 ","$40,449 ","$95,149 ","$6,475 ","$4,825 ","$7,325 ","$3,525 ","$8,517 ","$48,045 ","$42,825 ","$65,274 ","$43,974 ","$113,816 "
Nolan,"14,576","14,417","14,150","14,150","14,551","$367,557 ","$323,033 ","$230,134 ","$180,477 ","$228,579 ","$38,545 ","$25,800 ","$23,678 ","$44,707 ","$59,994 ","$429,676 ","$351,408 ","$254,792 ","$229,237 ","$306,038 "
Nueces,"349,590","350,472","363,776","363,776","361,387","$2,759,904 ","$1,937,880 ","$1,195,786 ","$1,360,015 ","$2,521,513 ","$747,311 ","$827,392 ","$534,170 ","$440,479 ","$695,319 ","$5,046,145 ","$2,880,380 ","$1,889,963 ","$1,967,339 ","$3,491,498 "
Ochiltree,"9,355","9,758","10,246","10,246","10,012","$76,155 ","$73,040 ","$67,495 ","$42,594 ","$78,655 ","$12,400 ","$13,250 ","$8,840 ","$12,650 ","$12,350 ","$97,789 ","$100,253 ","$81,187 ","$60,606 ","$96,297 "
Oldham,"1,744","1,738","2,131","2,131","2,100","$24,100 ","$10,800 ","$14,590 ","$23,700 ","$50,870 ","$3,000 ","$12,239 ","$8,094 ","$6,950 ","$5,650 ","$28,100 ","$24,039 ","$24,634 ","$31,650 ","$57,520 "
Orange,"84,869","84,111","82,168","82,168","84,866","$246,423 ","$359,564 ","$249,317 ","$226,024 ","$242,550 ","$74,505 ","$88,659 ","$100,107 ","$91,898 ","$114,156 ","$366,058 ","$497,054 ","$395,883 ","$361,908 ","$430,309 "
Palo Pinto,"29,113","28,498","29,069","29,069","28,865","$187,500 ","$285,154 ","$52,017 ","$126,705 ","$189,185 ","$12,600 ","$13,500 ","$11,925 ","$13,500 ","$11,500 ","$215,284 ","$305,399 ","$75,105 ","$155,376 ","$244,889 "
Panola,"22,813","22,540","24,611","24,611","24,573","$395,365 ","$264,939 ","$172,485 ","$225,413 ","$168,254 ","$64,833 ","$37,882 ","$29,294 ","$45,772 ","$54,008 ","$469,054 ","$315,052 ","$206,729 ","$278,585 ","$226,763 "
Parker,"171,225","158,990","143,504","143,504","138,007","$694,471 ","$747,922 ","$541,010 ","$600,796 ","$822,577 ","$157,068 ","$123,429 ","$110,263 ","$125,046 ","$184,178 ","$988,750 ","$974,394 ","$732,169 ","$851,322 ","$1,119,656 "
Parmer,"9,434","9,703","9,325","9,325","9,872","$31,472 ","$38,815 ","$16,060 ","$22,212 ","$41,240 ",$398 ,$488 ,$806 ,$684 ,"$3,206 ","$33,842 ","$41,275 ","$20,713 ","$25,261 ","$47,935 "
Pecos,"14,530","15,115","15,033","15,033","14,870","$257,256 ","$206,211 ","$134,709 ","$101,090 ","$124,841 ","$31,337 ","$21,217 ","$24,930 ","$17,068 ","$16,672 ","$307,527 ","$250,952 ","$178,151 ","$153,229 ","$162,551 "
Polk,"53,837","52,947","50,717","50,717","49,856","$498,034 ","$514,501 ","$304,062 ","$283,340 ","$348,665 ","$157,411 ","$157,659 ","$116,114 ","$97,274 ","$139,476 ","$725,296 ","$723,297 ","$472,472 ","$429,994 ","$541,698 "
Potter,"115,903","115,027","115,471","115,471","116,744","$1,164,019 ","$1,328,594 ","$1,186,408 ","$1,005,444 ","$1,347,325 ","$395,747 ","$531,277 ","$354,158 ","$180,839 ","$281,233 ","$3,825,898 ","$2,523,643 ","$1,699,874 ","$1,377,535 ","$1,903,193 "
Presidio,"6,125","6,059","6,302","6,302","7,014","$1,471 ",$266 ,$0 ,"$4,844 ","$3,245 ",$0 ,$0 ,$0 ,$0 ,$376 ,"$31,649 ","$31,296 ","$26,764 ","$33,163 ","$26,439 "
Rains,"12,660","12,446","12,493","12,493","12,641","$18,910 ","$34,930 ","$32,054 ","$15,150 ","$34,300 ","$6,200 ","$3,900 ","$1,800 ","$1,500 ","$6,650 ","$36,932 ","$50,652 ","$45,326 ","$28,772 ","$56,692 "
Randall,"147,367","145,018","138,549","138,549","142,446","$1,048,554 ","$710,560 ","$573,357 ","$572,874 ","$765,152 ","$297,316 ","$212,996 ","$167,891 ","$170,534 ","$294,358 ","$1,501,607 ","$1,116,135 ","$936,047 ","$968,503 ","$1,267,918 "
Reagan,"3,097","3,355","3,895","3,895","3,756","$40,562 ","$63,608 ","$38,304 ","$34,228 ","$43,328 ","$16,974 ","$17,868 ","$5,328 ","$4,019 ","$19,650 ","$65,247 ","$82,975 ","$45,132 ","$41,727 ","$64,478 "
Real,"2,940","2,729","3,464","3,464","3,600","$24,675 ","$15,925 ","$11,250 ","$8,875 ","$10,345 ","$9,425 ",$0 ,"$1,475 ","$3,375 ","$2,900 ","$36,152 ","$20,652 ","$14,777 ","$14,302 ","$15,955 "
Red River,"11,472","11,627","11,479","11,479","12,071","$65,224 ","$109,220 ","$65,864 ","$72,509 ","$90,085 ","$8,213 ","$7,888 ","$11,475 ","$9,728 ","$13,181 ","$108,253 ","$137,442 ","$98,992 ","$99,598 ","$126,864 "
Reeves,"13,876","14,898","16,400","16,400","15,853","$153,947 ","$138,459 ","$118,035 ","$56,637 ","$113,827 ","$8,133 ","$8,168 ","$2,620 ","$1,736 ","$5,741 ","$166,568 ","$159,105 ","$126,073 ","$64,631 ","$127,056 "
Refugio,"6,817","6,762","6,844","6,844","6,817","$60,966 ","$43,880 ","$22,200 ","$6,677 ","$28,059 ","$15,305 ",$575 ,$0 ,"$1,000 ","$1,203 ","$341,676 ","$104,445 ","$83,912 ","$71,387 ","$107,184 "
Roberts,813,813,832,832,872,$0 ,"$3,505 ", ,$0 ,$0 ,$250 ,$500 , ,$500 ,$500 ,"$1,250 ","$5,005 ","$1,000 ","$1,500 ","$1,500 "
Robertson,"17,051","16,819","17,613","17,613","17,937","$235,696 ","$185,075 ","$194,584 ","$118,224 ","$231,347 ","$11,575 ","$13,213 ","$8,045 ","$9,794 ","$9,675 ","$261,564 ","$206,594 ","$213,932 ","$135,317 ","$264,593 "
Rockwall,"123,286","120,782","105,969","105,969","97,807","$568,445 ","$465,274 ","$423,355 ","$382,642 ","$525,684 ","$304,806 ","$252,683 ","$281,967 ","$299,572 ","$349,290 ","$940,837 ","$758,888 ","$754,216 ","$702,118 ","$919,852 "
Runnels,"9,885","9,938","10,218","10,218","9,693","$56,262 ","$104,691 ","$28,975 ","$68,694 ","$140,153 ","$2,200 ","$7,800 ","$5,600 ","$4,374 ","$19,369 ","$91,517 ","$148,387 ","$37,345 ","$99,724 ","$164,163 "
Rusk,"53,476","52,539","54,764","54,764","53,959","$171,943 ","$165,580 ","$88,923 ","$79,031 ","$135,604 ","$46,160 ","$52,280 ","$33,087 ","$25,981 ","$25,559 ","$231,961 ","$222,519 ","$134,863 ","$134,596 ","$175,668 "
Sabine,"9,913","9,847","10,859","10,859","11,138","$44,785 ","$72,188 ","$32,500 ","$22,775 ","$44,800 ","$9,400 ","$15,929 ","$10,000 ","$3,625 ","$7,750 ","$63,452 ","$97,184 ","$52,117 ","$34,567 ","$64,267 "
San Augustine,"7,979","7,909","8,409","8,409","8,656","$65,060 ","$67,070 ","$41,443 ","$30,060 ","$36,968 ",$500 ,"$1,700 ","$2,475 ",$0 ,$0 ,"$65,560 ","$75,311 ","$46,668 ","$31,860 ","$38,768 "
San Jacinto,"28,835","27,371","29,652","29,652","29,507","$140,878 ","$214,653 ","$96,582 ","$128,411 ","$134,811 ","$3,600 ","$2,875 ","$2,600 ","$7,562 ","$9,095 ","$147,228 ","$223,479 ","$103,095 ","$142,366 ","$148,656 "
San Patricio,"69,283","69,282","67,033","67,033","65,960","$748,210 ","$780,951 ","$329,011 ","$250,519 ","$289,329 ",$0 ,$0 ,"$182,518 ","$149,094 ","$179,299 ","$805,332 ","$816,400 ","$527,585 ","$432,523 ","$498,045 "
San Saba,"5,956","5,676","6,223","6,223","6,224","$27,781 ","$22,770 ","$28,783 ","$8,085 ","$16,412 ","$1,400 ","$1,403 ",$0 ,"$1,020 ","$1,825 ","$29,881 ","$47,679 ","$40,536 ","$21,833 ","$33,465 "
Schleicher,"2,302","2,429","2,727","2,727","3,099","$10,168 ","$17,401 ","$21,517 ","$10,450 ","$13,350 ","$2,025 ",$0 ,"$2,286 ",$750 ,"$4,348 ","$17,533 ","$24,484 ","$28,803 ","$12,950 ","$20,448 "
Scurry,"17,048","16,526","16,556","16,556","17,129","$116,475 ","$119,150 ","$114,525 ","$75,100 ","$36,400 ","$50,000 ","$50,600 ","$24,250 ","$1,225 ",$0 ,"$179,112 ","$179,387 ","$149,187 ","$85,387 ","$51,816 "
Shackelford,"3,259","3,051","3,415","3,415","3,263","$23,415 ","$9,800 ","$10,640 ","$2,650 ","$7,360 ","$4,648 ","$3,600 ",$785 ,"$1,325 ","$1,425 ","$37,012 ","$14,400 ","$13,025 ","$6,575 ","$9,785 "
Shelby,"24,012","23,878","24,054","24,054","24,624","$66,769 ","$92,590 ","$76,988 ","$123,333 ","$336,700 ","$4,050 ","$2,700 ","$12,636 ","$4,050 ","$10,100 ","$88,106 ","$97,090 ","$92,530 ","$131,401 ","$349,050 "
Sherman,"2,814","2,762","3,072","3,072","3,116","$18,047 ","$20,557 ","$12,237 ","$15,688 ","$12,908 ","$8,223 ","$6,992 ","$12,736 ","$12,487 ","$13,985 ","$27,270 ","$30,048 ","$25,973 ","$29,674 ","$28,143 "
Smith,"245,426","237,813","232,675","232,675","230,086","$1,454,399 ","$1,599,947 ","$1,503,363 ","$1,238,617 ","$1,220,367 ","$139,094 ","$75,869 ","$86,025 ","$85,903 ","$112,770 ","$2,048,393 ","$2,064,341 ","$1,871,321 ","$1,720,284 ","$1,944,106 "
Somervell,"9,951","9,444","9,605","9,605","9,604","$40,187 ","$4,050 ","$18,088 ","$45,062 ","$26,974 ",$0 ,"$28,685 ","$1,750 ","$3,500 ","$6,000 ","$41,791 ","$34,339 ","$21,442 ","$50,166 ","$37,676 "
Starr,"65,952","65,248","63,688","63,688","63,406","$35,359 ","$31,920 ","$3,500 ","$5,045 ","$29,198 ","$4,050 ","$1,300 ",$0 ,$930 ,"$1,000 ","$1,053,900 ","$1,048,461 ","$1,005,991 ","$1,008,636 ","$1,013,598 "
Stephens,"9,255","9,175","9,506","9,506","9,703","$40,235 ","$56,493 ","$48,554 ","$57,333 ","$53,675 ","$31,625 ","$48,600 ","$25,575 ","$45,405 ","$13,741 ","$76,927 ","$117,273 ","$79,142 ","$134,765 ","$77,543 "
Sterling,"1,419","1,396","1,239","1,239","1,294","$27,208 ","$32,446 ","$25,905 ","$19,633 ","$11,803 ",$0 ,"$3,600 ","$6,000 ","$3,822 ","$6,003 ","$33,386 ","$42,035 ","$32,905 ","$25,332 ","$18,805 "
Stonewall,"1,167","1,203","1,380","1,380","1,409","$6,296 ","$7,059 ","$5,100 ","$6,095 ","$3,494 ",$450 ,$0 ,"$1,000 ","$2,400 ",$100 ,"$7,746 ","$8,059 ","$7,100 ","$9,495 ","$8,271 "
Sutton,"3,206","3,270","3,619","3,619","3,745","$26,570 ","$46,591 ","$22,457 ","$17,612 ","$22,703 ","$11,901 ","$8,603 ","$4,660 ","$11,382 ","$14,218 ","$42,461 ","$58,934 ","$30,856 ","$32,733 ","$41,695 "
Swisher,"6,801","6,868","7,435","7,435","7,421","$42,744 ","$38,522 ","$16,170 ","$28,234 ","$19,825 ","$8,175 ","$4,768 ",$750 ,"$1,633 ","$8,072 ","$60,981 ","$50,438 ","$22,931 ","$36,277 ","$36,102 "
Tarrant,"2,167,129","2,122,081","2,063,496","2,063,496","2,064,380","$19,126,303 ","$15,925,152 ","$11,733,268 ","$13,287,875 ","$15,304,529 ","$5,221,548 ","$4,719,223 ","$2,853,066 ","$3,146,468 ","$4,202,275 ","$26,901,754 ","$22,347,978 ","$15,951,308 ","$18,321,352 ","$21,602,871 "
Taylor,"145,709","142,918","139,083","139,083","138,849","$1,617,826 ","$1,663,358 ","$1,105,185 ","$1,284,502 ","$1,335,719 ","$260,130 ","$234,675 ","$270,200 ","$289,310 ","$267,000 ","$2,444,537 ","$2,148,542 ","$1,604,928 ","$1,830,365 ","$1,900,850 "
Terrell,691,708,776,776,843,"$14,040 ", ,"$1,724 ",$500 ,"$6,607 ",$0 , ,$0 ,$500 ,"$5,424 ","$15,040 ","$1,000 ","$2,724 ","$2,000 ","$13,031 "
Terry,"11,484","11,615","12,538","12,538","12,478","$90,443 ","$93,941 ","$70,771 ","$146,440 ","$83,142 ","$25,714 ","$27,339 ","$24,674 ","$25,907 ","$27,818 ","$127,216 ","$129,150 ","$103,429 ","$180,819 ","$130,493 "
Throckmorton,"1,607","1,510","1,407","1,407","1,525","$33,830 ","$10,364 ","$6,492 ","$14,081 ","$13,943 ","$2,400 ","$1,200 ",$0 ,$0 ,$0 ,"$38,355 ","$12,564 ","$7,492 ","$15,081 ","$14,943 "
Titus,"31,267","30,869","33,596","33,596","33,793","$176,456 ","$210,999 ","$139,371 ","$53,130 ","$72,037 ","$15,750 ","$11,350 ","$16,919 ","$13,450 ","$29,875 ","$197,406 ","$232,709 ","$158,615 ","$79,892 ","$112,875 "
Tom Green,"118,694","120,429","117,791","117,791","117,278","$1,355,807 ","$1,843,823 ","$1,133,157 ","$1,552,195 ","$1,677,143 ","$246,044 ","$309,539 ","$232,243 ","$204,262 ","$245,974 ","$4,086,064 ","$3,396,086 ","$1,526,791 ","$1,916,440 ","$2,258,017 "
Travis,"1,330,591","1,327,925","1,285,526","1,285,526","1,260,620","$6,841,041 ","$5,839,537 ","$5,046,971 ","$5,726,001 ","$7,026,600 ","$3,264,400 ","$2,071,252 ","$1,546,344 ","$2,116,802 ","$3,046,820 ","$21,141,882 ","$16,357,789 ","$13,177,425 ","$12,723,218 ","$14,555,636 "
Trinity,"14,212","13,607","14,457","14,457","14,643","$92,674 ","$90,993 ","$64,738 ","$41,017 ","$57,895 ","$5,650 ","$9,910 ","$9,510 ","$12,828 ","$29,781 ","$103,439 ","$108,961 ","$83,268 ","$62,698 ","$95,816 "
Tyler,"20,061","19,842","22,966","22,966","22,474","$107,325 ","$78,281 ","$89,609 ","$55,835 ","$145,355 ","$12,000 ","$10,230 ","$10,000 ","$13,011 ","$13,900 ","$119,325 ","$102,959 ","$114,057 ","$80,794 ","$175,160 "
Upshur,"43,809","41,375","41,262","41,262","40,998","$138,214 ","$126,320 ","$169,628 ","$91,741 ","$189,573 ","$23,489 ","$25,563 ","$24,500 ","$19,434 ","$43,129 ","$177,340 ","$159,041 ","$213,921 ","$125,645 ","$249,619 "
Upton,"3,258","3,255","3,581","3,581","3,743","$27,088 ","$66,427 ","$42,791 ","$48,024 ","$48,589 ","$21,732 ","$26,861 ","$20,641 ","$20,150 ","$10,445 ","$52,111 ","$102,814 ","$72,280 ","$70,695 ","$93,521 "
Uvalde,"24,675","24,223","26,260","26,260","27,691","$309,582 ","$211,828 ","$129,034 ","$126,237 ","$137,007 ","$4,800 ",$800 ,"$4,200 ","$4,950 ","$3,500 ","$368,796 ","$265,635 ","$184,730 ","$182,718 ","$194,858 "
Val Verde,"47,564","46,993","50,988","50,988","50,624","$249,525 ","$192,648 ","$97,409 ","$81,038 ","$121,640 ","$149,439 ","$58,975 ","$93,950 ","$134,512 ","$130,156 ","$445,451 ","$282,885 ","$233,027 ","$272,682 ","$292,620 "
Van Zandt,"63,176","61,725","56,503","56,503","56,596","$299,905 ","$298,759 ","$259,291 ","$250,284 ","$402,352 ","$43,020 ","$54,490 ","$59,883 ","$28,200 ","$62,260 ","$422,392 ","$431,678 ","$401,057 ","$356,642 ","$544,046 "
Victoria,"91,228","90,875","90,940","90,940","92,059","$881,903 ","$754,830 ","$613,566 ","$421,585 ","$741,093 ","$358,211 ","$286,067 ","$185,232 ","$224,344 ","$209,766 ","$1,528,197 ","$1,280,697 ","$998,770 ","$817,283 ","$1,138,737 "
Walker,"78,816","77,425","77,300","77,300","75,055","$370,118 ","$255,668 ","$115,914 ","$151,260 ","$247,410 ","$264,841 ","$200,472 ","$137,008 ","$156,639 ","$150,498 ","$683,530 ","$497,146 ","$293,978 ","$352,962 ","$447,249 "
Waller,"63,291","60,313","55,626","55,626","54,349","$552,135 ","$501,472 ","$378,680 ","$428,237 ","$393,676 ","$273,947 ","$277,745 ","$189,133 ","$202,215 ","$203,049 ","$894,635 ","$849,346 ","$682,952 ","$687,225 ","$650,891 "
Ward,"11,817","10,769","11,635","11,635","11,372","$125,320 ","$124,779 ","$98,105 ","$120,645 ","$121,293 ","$7,854 ","$17,885 ","$16,316 ","$15,584 ","$10,311 ","$144,603 ","$158,192 ","$127,337 ","$152,446 ","$147,839 "
Washington,"36,147","35,601","35,612","35,612","35,801","$442,902 ","$339,797 ","$286,770 ","$279,855 ","$356,455 ","$56,200 ","$87,290 ","$86,652 ","$72,250 ","$78,810 ","$575,640 ","$450,630 ","$412,637 ","$406,746 ","$459,180 "
Webb,"272,271","269,377","280,547","280,547","281,964","$1,152,282 ","$684,328 ","$554,130 ","$522,693 ","$579,801 ","$174,800 ","$160,625 ","$149,375 ","$251,050 ","$304,025 ","$4,517,855 ","$3,873,736 ","$4,069,601 ","$4,015,106 ","$3,871,688 "
Wharton,"41,700","41,662","41,279","41,279","41,141","$861,868 ","$537,231 ","$221,472 ","$228,435 ","$326,368 ","$59,055 ","$41,200 ","$25,885 ","$33,100 ","$43,249 ","$974,700 ","$658,775 ","$294,676 ","$336,662 ","$451,512 "
Wheeler,"4,910","4,888","5,168","5,168","5,059","$152,156 ","$92,394 ","$70,103 ","$24,620 ","$60,365 ","$36,809 ","$47,449 ","$18,500 ","$16,879 ","$26,810 ","$192,732 ","$144,504 ","$91,089 ","$48,296 ","$90,430 "
Wichita,"129,354","130,423","132,756","132,756","133,814","$935,725 ","$993,780 ","$588,577 ","$712,897 ","$934,931 ","$167,318 ","$212,514 ","$163,517 ","$213,853 ","$244,323 ","$3,138,230 ","$2,871,378 ","$2,603,932 ","$2,381,709 ","$2,588,164 "
Wilbarger,"12,198","12,782","12,393","12,393","12,548","$110,447 ","$172,758 ","$87,106 ","$116,909 ","$95,587 ","$2,250 ","$5,040 ","$3,000 ","$1,489 ","$4,272 ","$125,992 ","$192,543 ","$105,351 ","$131,343 ","$120,379 "
Willacy,"20,134","19,981","21,502","21,502","21,475","$19,046 ","$22,310 ","$12,345 ","$16,970 ","$601,854 ","$7,374 ","$7,288 ","$3,135 ","$4,340 ","$6,384 ","$491,861 ","$253,002 ","$173,391 ","$176,622 ","$810,390 "
Williamson,"683,163","663,405","602,686","602,686","571,610","$2,312,375 ","$1,680,499 ","$1,125,726 ","$1,501,287 ","$1,837,873 ","$1,204,608 ","$728,596 ","$408,790 ","$680,784 ","$1,039,980 ","$3,828,021 ","$2,635,844 ","$1,734,462 ","$2,464,600 ","$3,267,953 "
Wilson,"52,975","51,723","52,839","52,839","51,077","$94,853 ","$68,009 ","$68,100 ","$74,282 ","$252,523 ","$23,600 ","$18,000 ","$24,500 ","$59,058 ","$82,750 ","$151,139 ","$253,917 ","$213,654 ","$153,180 ","$362,102 "
Winkler,"7,643","7,629","8,145","8,145","7,696","$112,709 ","$89,570 ","$58,329 ","$46,125 ","$66,600 ","$7,200 ","$6,800 ","$2,650 ","$5,160 ","$11,075 ","$121,227 ","$98,188 ","$62,297 ","$55,003 ","$90,119 "
Wise,"75,010","72,057","70,078","70,078","69,647","$519,631 ","$525,830 ","$383,317 ","$367,705 ","$391,753 ","$103,795 ","$92,616 ","$103,786 ","$93,250 ","$81,075 ","$700,465 ","$649,392 ","$522,762 ","$502,128 ","$512,793 "
Wood,"48,250","45,156","45,528","45,528","45,229","$131,140 ","$142,682 ","$97,156 ","$97,792 ","$140,391 ","$36,156 ","$26,975 ","$24,015 ","$29,900 ","$65,788 ","$175,749 ","$202,324 ","$151,083 ","$149,651 ","$226,696 "
Yoakum,"7,418","7,588","8,773","8,773","9,109","$17,716 ","$16,563 ","$8,547 ","$10,414 ","$47,870 ","$3,150 ","$4,674 ","$5,217 ","$2,060 ","$7,368 ","$26,848 ","$22,714 ","$16,492 ","$13,951 ","$59,319 "
Young,"18,018","17,834","19,294","19,294","18,304","$72,185 ","$97,974 ","$56,069 ","$92,483 ","$127,454 ","$30,162 ","$40,993 ","$43,593 ","$55,075 ","$67,023 ","$128,095 ","$150,141 ","$110,045 ","$163,572 ","$208,436 "
Zapata,"13,854","13,727","14,280","14,280","13,903","$11,950 ","$16,030 ","$19,050 ","$31,200 ","$29,594 ","$16,350 ","$20,950 ","$17,350 ","$12,725 ","$19,150 ","$32,567 ","$42,797 ","$41,267 ","$48,992 ","$67,332 "
Zavala,"9,674","9,654","12,077","12,077","12,338","$23,051 ","$10,171 ","$10,737 ","$4,794 ","$25,658 ",$713 ,$475 ,"$1,575 ",$550 ,"$6,057 ","$26,027 ","$12,909 ","$14,575 ","$7,607 ","$35,203 "