county,pop_2023,felExp_2023,misdExp_2023,totalExp_2023,pop_2022,felExp_2022,misdExp_2022,totalExp_2022,pop_2021,felExp_2021,misdExp_2021,totalExp_2021,pop_2020,felExp_2020,misdExp_2020,totalExp_2020,pop_2019,felExp_2019,misdExp_2019,totalExp_2019
Anderson,"57,848","$541,921","$99,530","$686,636","57,954","$330,414","$72,169","$422,371","59,120","$299,489","$59,724","$377,197","59,120","$235,856","$83,625","$369,242","58,854","$320,446","$88,104","$458,368"
Andrews,"18,773","$192,147","$45,435","$271,944","18,675","$145,327","$50,086","$228,613","19,588","$148,775","$40,430","$217,800","19,588","$177,629","$35,840","$231,005","19,232","$117,208","$42,325","$185,526"
Angelina,"86,354","$248,756","$55,002","$376,045","86,554","$368,012","$44,687","$499,319","90,669","$221,025","$20,776","$333,444","90,669","$230,339","$26,781","$378,059","92,353","$310,224","$43,537","$468,271"
Aransas,"25,219","$269,188","$40,797","$350,736","24,693","$243,439","$51,187","$313,267","23,649","$139,748","$30,552","$185,538","23,649","$172,261","$49,742","$234,089","23,031","$192,957","$66,390","$277,457"
Archer,"8,712","$36,697","$5,130","$43,896","8,517","$44,757","$4,082","$65,631","9,135","$26,947","$3,800","$32,816","9,135","$37,622","$8,826","$48,667","9,625","$25,516","$6,038","$36,681"
Armstrong,"1,859","$2,004","$1,503","$17,507","1,823","$9,300",$600,"$10,900","2,028","$7,375",$0,"$8,375","2,028","$4,700",$600,"$6,300","1,949","$5,000","$1,700","$8,800"
Atascosa,"50,320","$343,657","$102,772","$2,409,351","49,657","$103,080","$127,976","$1,088,529","51,233","$139,685","$107,000","$2,163,341","51,233","$236,354","$144,523","$423,683","50,276","$300,202","$207,245","$562,957"
Austin,"31,331","$78,774","$52,221","$150,733","30,485","$59,140","$60,526","$139,402","32,344","$46,318","$73,016","$139,402","32,344","$50,846","$99,181","$169,777","31,724","$37,460","$65,681","$127,537"
Bailey,"6,777","$44,660","$20,741","$81,827","6,767","$41,190","$24,911","$79,424","7,082","$47,922","$25,605","$86,762","7,082","$41,973","$9,675","$64,795","7,256","$65,166","$5,550","$101,152"
Bandera,"22,169","$26,817","$2,418","$147,659","21,937","$40,598","$2,038","$151,278","23,360","$86,017","$11,200","$151,658","23,360","$101,974","$17,525","$127,354","22,874","$94,852","$12,340","$115,682"
Bastrop,"107,810","$590,471","$190,131","$796,261","104,146","$487,385","$142,721","$636,156","90,262","$259,578","$121,312","$389,003","90,262","$598,781","$146,885","$758,236","88,296","$657,688","$229,956","$904,819"
Baylor,"3,489","$29,974","$1,700","$32,674","3,475","$14,461","$2,250","$17,711","3,754","$13,955","$2,400","$17,355","3,754","$47,034",$300,"$48,334","3,740","$50,595",$400,"$52,240"
Bee,"30,360","$48,226","$4,267","$1,504,667","30,613","$42,701","$1,063","$1,339,766","33,571","$39,993",$0,"$1,328,722","33,571","$38,267",$408,"$1,331,398","33,039","$31,360",$906,"$1,121,518"
Bell,"388,804","$1,458,431","$1,170,370","$3,013,011","378,140","$1,261,154","$1,089,673","$2,671,541","362,093","$726,109","$901,837","$2,037,555","362,093","$1,114,974","$885,980","$2,610,809","356,587","$1,380,039","$1,075,070","$3,062,563"
Bexar,"2,062,280","$9,683,067","$2,692,629","$19,414,622","2,050,463","$7,847,853","$2,203,216","$14,362,470","2,006,193","$4,800,318","$2,089,410","$10,059,177","2,006,193","$6,643,498","$1,491,894","$11,265,989","1,991,779","$9,413,464","$2,749,958","$15,088,968"
Blanco,"12,735","$17,616",$900,"$60,379","12,171","$21,105","$1,000","$53,423","12,365","$32,203",$0,"$37,761","12,365","$44,605","$7,050","$56,788","11,835","$40,895","$9,955","$58,182"
Borden,550,$900,$0,"$4,750",624,"$1,200",$0,"$4,450",686,"$2,650",$0,"$3,650",686,$600,$0,"$1,600",666,$0,$0,"$1,000"
Bosque,"18,689","$51,479","$29,593","$93,876","18,315","$46,141","$29,235","$85,250","19,146","$46,649","$12,812","$69,910","19,146","$48,402","$12,511","$73,713","18,882","$52,138","$27,391","$102,068"
Bowie,"91,532","$378,377","$46,257","$1,357,824","91,083","$485,560","$24,125","$1,314,690","95,897","$95,868","$65,018","$1,037,990","95,897","$116,164","$46,750","$1,079,328","97,488","$133,704","$14,350","$935,386"
Brazoria,"392,273","$2,298,272","$830,307","$3,903,482","382,691","$2,152,740","$733,666","$3,429,919","382,874","$1,487,876","$590,519","$2,592,013","382,874","$1,405,066","$418,670","$2,358,580","383,058","$1,979,957","$624,400","$3,196,039"
Brazos,"243,443","$2,251,394","$1,332,864","$4,786,616","238,164","$1,220,051","$722,933","$2,358,172","233,071","$979,003","$498,078","$1,894,616","233,071","$1,254,572","$513,595","$2,189,039","228,292","$1,382,283","$655,938","$2,215,680"
Brewster,"9,361","$9,404",$995,"$96,278","9,457",$574,$0,"$84,810","9,055","$15,381",$256,"$87,973","9,055","$2,007",$880,"$93,633","9,128","$103,159",$391,"$171,091"
Briscoe,"1,438","$1,700",$300,"$3,000","1,400","$4,000",$700,"$5,700","1,599",$400,$200,"$1,600","1,599","$2,000",$100,"$3,100","1,535",$400,$400,"$1,800"
Brooks,"6,958","$23,988","$3,125","$33,763","6,910","$18,610",$775,"$22,185","7,060","$14,775",$550,"$27,125","7,060","$9,150","$2,800","$24,050","7,242","$30,388","$16,550","$58,238"
Brown,"38,014","$302,361","$90,497","$469,966","38,352","$353,827","$65,406","$518,155","38,874","$206,505","$53,750","$312,282","38,874","$194,176","$63,060","$338,654","39,470","$401,396","$85,106","$570,293"
Burleson,"19,224","$173,675","$51,525","$266,845","17,948","$231,719","$43,898","$325,106","18,361","$166,165","$41,385","$239,701","18,361","$164,796","$42,716","$253,097","18,381","$222,891","$39,100","$308,616"
Burnet,"53,077","$122,567","$33,903","$1,782,028","51,285","$69,678","$7,150","$1,224,035","49,225","$113,902","$7,913","$694,984","49,225","$75,288","$4,400","$657,400","48,190","$105,264","$7,045","$706,180"
Caldwell,"47,320","$214,056","$194,719","$435,817","47,434","$173,817","$39,030","$238,514","43,501","$125,431","$42,069","$201,168","43,501","$185,245","$93,320","$317,318","42,956","$169,181","$75,573","$278,414"
Calhoun,"19,705","$230,069","$36,680","$290,052","19,827","$127,190","$50,978","$196,912","22,058","$120,433","$35,702","$175,112","22,058","$92,452","$32,462","$147,525","21,915","$114,385","$34,963","$172,933"
Callahan,"14,605","$37,217","$10,625","$59,598","14,385","$40,444","$8,595","$50,904","14,027","$74,778","$10,560","$88,131","14,027","$81,328","$3,540","$86,543","14,102","$46,755","$1,145","$49,775"
Cameron,"424,884","$1,512,979","$1,013,623","$2,929,693","421,254","$868,296","$680,060","$1,815,584","426,144","$723,424","$443,661","$1,901,809","426,144","$729,018","$530,604","$2,023,724","425,849","$1,264,107","$932,775","$2,892,052"
Camp,"12,180","$76,597","$24,269","$120,901","12,533","$60,515","$40,960","$109,138","12,936","$67,752","$32,401","$105,211","12,936","$50,747","$44,881","$102,053","12,843","$27,896","$78,086","$109,883"
Carson,"5,687","$61,958","$1,556","$65,889","5,701","$43,569","$1,400","$50,715","5,875","$27,152","$1,182","$38,208","5,875","$47,780",$350,"$52,948","6,158","$84,245",$0,"$91,045"
Cass,"28,652","$172,354","$37,350","$214,904","28,712","$230,137","$28,200","$274,034","30,243","$167,104","$27,011","$214,149","30,243","$117,172","$41,464","$175,695","30,892","$210,623","$58,894","$287,928"
Castro,"7,263","$42,465",$700,"$48,553","7,202","$36,382",$0,"$37,897","7,260","$10,500",$0,"$12,015","7,260","$16,214",$0,"$18,465","7,672","$31,163",$900,"$34,810"
Chambers,"52,178","$450,824","$173,588","$670,435","50,709","$515,224","$109,980","$641,788","44,944","$260,373","$55,400","$368,202","44,944","$267,495","$61,150","$375,106","43,819","$458,409","$62,569","$552,727"
Cherokee,"51,571","$330,667","$23,155","$365,081","51,479","$417,709","$25,596","$459,281","53,558","$245,380","$16,600","$289,677","53,558","$195,119","$18,985","$217,904","53,375","$247,347","$33,939","$289,211"
Childress,"6,828","$61,261","$3,450","$67,444","6,729","$45,649","$2,800","$55,796","7,052","$38,116",$800,"$53,976","7,052","$71,699","$5,550","$81,503","7,007","$141,497","$7,798","$155,959"
Clay,"10,507","$47,644","$2,980","$58,104","10,153","$29,347","$5,395","$41,372","10,317","$28,964","$1,625","$37,219","10,317","$32,432","$2,295","$43,788","10,428","$34,861","$2,850","$46,255"
Cochran,"2,536","$5,805",$500,"$16,872","2,549","$26,087","$1,700","$34,047","2,890","$11,039","$1,200","$13,539","2,890","$6,416","$2,300","$15,343","2,931","$19,152","$1,700","$24,679"
Coke,"3,304","$13,050",$0,"$18,504","3,310","$16,104",$0,"$22,036","3,400","$39,059",$400,"$40,459","3,400","$33,581","$1,440","$36,021","3,340","$7,900",$400,"$9,899"
Coleman,"7,753","$31,847","$5,300","$49,479","7,687","$39,200","$5,200","$47,607","8,041","$29,870","$1,700","$37,917","8,041","$31,814","$3,600","$38,979","8,483","$36,226","$7,484","$48,869"
Collin,"1,190,111","$4,117,899","$2,236,342","$7,990,768","1,121,133","$4,124,436","$2,000,039","$7,329,321","1,047,901","$3,805,117","$1,786,624","$6,791,130","1,047,901","$3,978,669","$1,490,464","$6,787,700","1,018,952","$4,335,787","$2,011,938","$7,792,404"
Collingsworth,"2,554","$6,829",$430,"$9,801","2,602","$66,876",$250,"$70,876","2,802","$13,216",$0,"$14,216","2,802","$8,808",$0,"$11,254","2,943","$11,626",$730,"$16,866"
Colorado,"20,713","$4,750","$2,500","$253,570","20,639","$3,500",$500,"$224,324","22,566","$3,058","$1,500","$209,171","22,566","$4,535",$900,"$215,166","21,662","$5,400","$4,400","$212,376"
Comal,"189,592","$949,232","$274,342","$1,264,100","182,669","$652,033","$250,676","$930,762","161,328","$453,334","$208,508","$700,579","161,328","$682,556","$214,226","$933,632","149,993","$623,499","$401,698","$1,071,475"
Comanche,"14,335","$62,409","$30,780","$132,000","13,838","$144,753","$22,842","$188,997","13,848","$45,765","$14,121","$79,921","13,848","$48,146","$18,939","$78,560","13,915","$57,975","$12,556","$77,880"
Concho,"3,363","$173,620",$0,"$182,046","3,326","$64,034","$1,143","$75,506","2,715","$3,960",$400,"$5,360","2,715","$23,398","$1,200","$30,293","2,044","$38,832",$800,"$40,692"
Cooke,"43,219","$193,495","$19,750","$280,012","42,164","$281,910","$40,409","$365,969","40,685","$187,571","$41,146","$278,909","40,685","$219,631","$55,983","$330,851","40,176","$273,976","$81,679","$390,843"
Coryell,"84,946","$430,997","$80,200","$565,622","85,007","$479,662","$79,247","$602,874","75,657","$275,396","$77,960","$394,797","75,657","$243,947","$59,850","$427,091","74,095","$356,809","$87,543","$568,980"
Cottle,"1,300","$6,405",$300,"$11,130","1,381","$18,929",$0,"$23,248","1,346","$8,375",$0,"$9,375","1,346","$3,674",$0,"$4,674","1,373","$32,623",$150,"$34,103"
Crane,"4,821","$43,890","$8,000","$56,662","4,679","$45,285","$5,150","$52,707","4,670","$27,854","$3,300","$36,426","4,670","$25,004","$5,050","$33,676","4,696","$18,050","$4,300","$25,337"
Crockett,"3,009","$96,336","$15,495","$113,967","3,060","$45,141","$22,327","$69,604","3,465","$39,363","$19,445","$58,808","3,465","$56,301","$18,700","$80,273","3,428","$48,682","$25,697","$77,194"
Crosby,"4,910","$11,425","$9,750","$28,997","5,016","$4,235","$1,410","$13,122","5,658","$3,100","$1,050","$6,770","5,658","$7,100","$1,650","$11,370","5,769","$9,658","$1,300","$14,381"
Culberson,"2,116",$0,$0,"$781,109","2,194","$2,160",$0,"$653,481","2,228",$350,$0,"$580,047","2,228",$0,$0,"$545,285","2,154","$4,000",$0,"$427,751"
Dallam,"7,173","$41,668","$20,594","$64,933","7,183","$33,893","$19,937","$56,392","6,929","$34,750","$19,857","$56,393","6,929","$42,504","$19,093","$63,539","7,310","$36,247","$18,386","$56,898"
Dallas,"2,636,564","$14,205,777","$2,568,052","$37,044,366","2,595,878","$10,475,313","$2,431,585","$30,206,211","2,647,627","$8,239,790","$1,716,141","$31,666,238","2,647,627","$9,753,539","$2,176,818","$32,511,082","2,650,320","$13,420,299","$2,927,885","$37,533,215"
Dawson,"11,930","$76,054","$18,000","$102,992","12,438","$33,460","$17,500","$63,255","12,652","$35,190","$8,500","$52,176","12,652","$41,856","$5,950","$60,580","12,544","$46,089","$6,800","$62,852"
Deaf Smith,"18,392","$240,020",$900,"$276,241","18,315","$148,427","$2,308","$167,365","19,572","$96,946","$3,505","$131,740","19,572","$121,918","$6,640","$146,107","19,461","$187,375","$2,285","$213,107"
Delta,"5,483","$25,400","$6,400","$32,100","5,345","$20,000","$4,200","$25,100","5,304","$7,800","$1,000","$8,800","5,304","$5,100","$2,700","$8,050","5,254","$12,100","$4,600","$17,200"
Denton,"995,510","$3,574,209","$1,446,376","$5,339,732","957,367","$2,994,898","$1,345,256","$4,571,496","904,005","$3,126,204","$1,261,641","$4,625,432","904,005","$2,536,339","$1,011,837","$3,776,878","861,357","$2,996,541","$1,291,772","$4,576,917"
DeWitt,"19,506","$213,627","$8,050","$234,333","19,875","$193,180","$10,563","$218,947","20,459","$153,698","$10,933","$178,889","20,459","$122,222","$19,612","$151,359","20,860","$101,041","$27,324","$139,518"
Dickens,"1,737","$4,565",$300,"$5,865","1,726","$2,000","$1,100","$4,100","2,054","$3,200",$100,"$4,300","2,054","$2,624",$0,"$3,624","2,271","$8,602","$1,500","$11,202"
Dimmit,"8,280","$45,473","$12,100","$61,618","8,557","$15,828","$1,902","$21,915","9,426","$2,333",$0,"$6,343","9,426","$9,895","$2,137","$16,967","10,020","$29,093","$2,025","$36,358"
Donley,"3,270","$13,822",$0,"$20,446","3,287","$20,493",$0,"$24,281","3,170","$16,988",$0,"$21,515","3,170","$14,514",$460,"$21,416","3,359","$65,782",$570,"$70,931"
Duval,"9,912","$5,035",$700,"$54,129","9,385","$8,397",$900,"$58,141","10,860",$0,"$1,550","$51,759","10,860","$4,400",$0,"$55,324","10,949","$6,730",$800,"$112,777"
Eastland,"18,092","$121,351","$32,262","$168,922","17,843","$130,829","$40,375","$194,245","18,278","$110,308","$25,775","$146,664","18,278","$95,787","$37,725","$157,346","18,416","$165,155","$45,825","$222,886"
Ector,"173,239","$1,438,936","$474,241","$2,132,198","159,230","$1,218,606","$380,195","$2,006,119","169,394","$832,332","$253,275","$1,327,224","169,394","$891,269","$233,750","$1,351,586","165,230","$827,428","$245,775","$1,369,320"
Edwards,"1,411","$14,783",$403,"$16,185","1,411","$22,937",$683,"$24,620","1,979","$14,139",$608,"$15,747","1,979","$2,494",$385,"$4,211","1,912","$4,456",$791,"$6,247"
Ellis,"215,401","$1,628,419","$561,275","$2,381,520","208,861","$1,277,310","$552,410","$2,007,084","191,469","$1,088,389","$431,038","$1,683,011","191,469","$991,002","$419,368","$1,584,409","182,439","$984,926","$545,872","$1,620,581"
El Paso,"869,608","$2,361,326","$738,161","$17,250,721","874,347","$2,344,566","$680,733","$15,088,658","851,888","$1,869,228","$935,007","$13,355,818","851,888","$2,555,311","$1,123,096","$13,661,891","855,623","$3,057,133","$1,752,752","$15,005,802"
Erath,"43,140","$88,260","$29,925","$127,210","43,749","$65,567","$23,924","$91,979","43,110","$54,500","$36,425","$93,075","43,110","$55,398","$40,265","$98,448","43,366","$100,485","$55,100","$161,985"
Falls,"17,275","$152,952","$43,410","$228,243","16,612","$175,792","$46,344","$259,318","17,432","$133,346","$27,800","$184,102","17,432","$156,706","$41,035","$213,816","17,346","$139,050","$39,475","$206,861"
Fannin,"37,300","$500,239","$53,230","$636,216","36,670","$371,919","$48,895","$478,767","36,727","$475,970","$54,755","$562,553","36,727","$300,745","$24,629","$379,964","35,347","$215,676","$53,700","$329,459"
Fayette,"25,003","$222,179","$46,718","$300,702","24,529","$282,508","$42,742","$369,633","26,522","$87,439","$53,401","$154,324","26,522","$212,577","$50,568","$272,403","25,816","$100,143","$59,730","$161,325"
Fisher,"3,559","$29,648","$1,200","$32,148","3,728","$20,350","$3,900","$25,250","3,897","$20,175",$600,"$21,775","3,897","$4,250",$350,"$5,600","3,708","$9,950","$1,500","$12,481"
Floyd,"5,124","$9,475","$1,900","$13,356","5,273","$17,473","$2,250","$21,304","5,445","$6,360","$2,550","$10,441","5,445","$8,616",$450,"$10,647","5,698","$11,460","$3,850","$17,682"
Foard,"1,069","$2,750",$0,"$3,750","1,073","$4,375",$0,"$5,375","1,102","$1,175",$0,"$2,175","1,102","$2,234","$1,500","$5,184","1,205",$750,"$1,459","$3,209"
Fort Bend,"878,774","$5,132,478","$1,760,841","$10,837,165","875,921","$3,698,561","$1,369,948","$8,789,102","818,912","$3,338,889","$1,173,107","$7,884,835","818,912","$4,303,707","$1,373,103","$8,842,264","786,213","$3,641,187","$1,476,989","$8,053,973"
Franklin,"11,161","$36,628","$2,500","$50,586","10,477","$45,345","$2,000","$59,103","10,792","$36,625","$2,900","$50,683","10,792","$41,512","$1,050","$54,820","10,748","$44,218","$4,100","$63,180"
Freestone,"19,918","$123,096","$13,475","$146,307","19,853","$217,669","$12,309","$237,464","20,732","$130,328","$14,044","$151,485","20,732","$96,223","$12,653","$117,011","20,472","$126,070","$16,595","$155,752"
Frio,"18,219","$60,816","$21,700","$180,196","19,030","$59,676","$11,100","$167,052","18,937","$46,305","$14,000","$122,898","18,937","$36,850","$6,400","$52,737","19,735","$108,120","$12,200","$134,193"
Gaines,"22,052","$165,676","$26,724","$223,888","22,010","$64,297","$14,646","$101,002","21,258","$34,188","$11,307","$72,054","21,258","$25,432","$12,768","$65,980","21,200","$26,530","$17,347","$72,763"
Galveston,"359,148","$1,950,713","$428,038","$3,646,442","353,670","$1,999,507","$607,422","$4,187,188","341,146","$1,396,308","$446,432","$2,627,264","341,146","$1,547,584","$420,456","$2,574,543","339,241","$1,933,059","$540,968","$2,950,054"
Garza,"6,061","$39,277",$0,"$45,315","5,775","$32,685","$1,500","$37,182","5,978","$25,649","$1,075","$28,419","5,978","$21,540","$3,710","$27,212","6,360","$22,653","$3,695","$30,992"
Gillespie,"27,907","$44,944","$8,284","$278,827","27,284","$80,211","$22,162","$276,719","27,617","$100,553","$24,326","$204,422","27,617","$143,310","$17,992","$166,287","27,016","$144,905","$21,483","$194,935"
Glasscock,"1,194","$5,550",$0,"$6,550","1,120","$8,100",$0,"$9,100","1,363","$4,500",$0,"$5,500","1,363","$3,600",$0,"$4,600","1,448","$1,150",$400,"$3,150"
Goliad,"7,042","$24,102",$325,"$221,624","7,204","$22,470",$0,"$141,328","8,127","$8,665",$0,"$125,948","8,127","$12,311",$0,"$129,594","7,869","$13,864",$400,"$132,410"
Gonzales,"19,887","$216,572","$47,170","$267,192","19,446","$135,861","$35,423","$176,802","20,819","$104,267","$24,296","$137,179","20,819","$114,831","$20,649","$141,684","20,659","$141,596","$38,986","$190,523"
Gray,"20,729","$180,309","$68,850","$273,274","20,688","$150,686","$47,230","$220,631","21,900","$135,041","$38,900","$194,306","21,900","$185,451","$33,845","$246,760","21,657","$184,236","$39,550","$250,271"
Grayson,"145,044","$695,173","$233,220","$1,117,166","141,115","$589,979","$160,987","$981,958","136,052","$563,108","$100,129","$865,051","136,052","$589,409","$141,731","$959,101","137,479","$749,555","$216,717","$1,159,804"
Gregg,"126,871","$807,933","$309,489","$1,179,100","122,246","$928,100","$303,429","$1,383,505","126,225","$749,046","$301,482","$1,103,271","126,225","$700,157","$314,910","$1,129,497","126,215","$820,307","$348,267","$1,269,069"
Grimes,"30,240","$376,546","$43,380","$449,586","30,439","$199,616","$55,690","$266,401","29,730","$92,410","$53,759","$165,599","29,730","$168,138","$31,425","$224,385","29,190","$251,706","$26,621","$292,029"
Guadalupe,"184,640","$766,963","$165,610","$1,045,720","177,449","$597,101","$154,974","$815,213","169,139","$365,605","$115,815","$533,788","169,139","$363,726","$124,801","$549,662","165,452","$435,477","$157,401","$673,760"
Hale,"31,478","$247,916","$69,838","$345,652","31,877","$195,121","$71,902","$295,157","32,864","$160,074","$26,470","$212,767","32,864","$170,130","$41,396","$237,158","33,987","$151,750","$57,888","$248,491"
Hall,"2,805","$26,882","$3,770","$32,127","2,824","$21,482","$1,000","$28,372","2,969","$25,002",$480,"$26,682","2,969","$20,475",$0,"$25,925","3,095","$32,424",$366,"$44,047"
Hamilton,"8,162",$0,"$33,001","$34,610","8,043","$25,514","$7,900","$35,323","8,637","$28,478","$5,200","$35,287","8,637","$32,227","$7,200","$41,236","8,625","$39,394","$8,000","$50,403"
Hansford,"5,175","$13,390","$1,350","$24,983","5,140","$27,225","$2,500","$34,463","5,288","$22,390","$1,500","$27,150","5,288","$22,738",$850,"$28,666","5,405","$25,033","$2,000","$32,041"
Hardeman,"3,449","$39,695","$4,450","$69,036","3,477","$33,361","$1,950","$38,416","3,873","$5,600","$3,540","$12,128","3,873","$16,031","$5,950","$28,145","3,761","$38,839","$8,534","$57,335"
Hardin,"58,345","$335,708","$43,725","$428,519","57,061","$277,373","$61,815","$382,024","59,592","$199,382","$37,375","$276,393","59,592","$272,885","$40,725","$354,312","58,370","$281,247","$64,385","$408,014"
Harris,"4,845,463","$58,683,160","$14,867,650","$113,513,803","4,759,954","$48,541,286","$8,569,235","$96,951,404","4,703,708","$34,057,364","$6,354,429","$69,252,850","4,703,708","$30,918,307","$5,023,460","$58,306,775","4,714,391","$31,355,232","$5,473,856","$55,299,196"
Harrison,"69,907","$406,449","$147,090","$632,159","69,219","$284,875","$139,377","$503,106","68,703","$189,336","$162,750","$382,481","68,703","$235,861","$151,624","$430,628","68,682","$330,618","$214,212","$623,566"
Hartley,"5,330","$22,616","$16,930","$45,001","5,331","$33,575","$17,906","$52,582","5,887","$35,748","$14,133","$64,544","5,887","$150,718","$13,302","$185,130","5,647","$36,481","$15,896","$58,645"
Haskell,"5,447","$73,061","$17,445","$92,304","5,369","$31,971","$7,000","$40,461","5,572","$29,019","$9,088","$38,107","5,572","$25,124","$10,250","$41,476","5,764","$30,324","$17,035","$51,861"
Hays,"279,579","$2,536,253","$1,273,592","$5,231,751","264,252","$2,127,505","$1,034,057","$3,226,257","232,080","$899,193","$686,920","$1,715,447","232,080","$1,079,989","$224,384","$1,449,018","226,853","$1,188,961","$194,073","$1,512,805"
Hemphill,"3,321","$5,401","$5,850","$12,251","3,203","$7,450","$8,450","$16,900","3,827","$8,250","$2,250","$12,000","3,827","$8,350","$4,952","$15,302","3,779","$12,750","$19,000","$32,750"
Henderson,"83,489","$628,429","$108,300","$788,477","84,692","$637,008","$118,593","$801,180","83,220","$619,987","$136,202","$797,241","83,220","$634,804","$119,723","$813,147","82,422","$550,906","$116,775","$691,474"
Hidalgo,"893,365","$4,576,603","$2,040,143","$8,704,397","884,299","$2,705,229","$1,333,280","$6,031,361","888,958","$2,141,110","$1,431,752","$5,638,786","888,958","$2,961,437","$1,518,775","$6,637,120","890,414","$3,642,595","$2,242,594","$8,128,788"
Hill,"38,061","$278,530","$121,576","$438,535","36,722","$206,470","$101,744","$339,367","37,470","$180,210","$76,804","$281,414","37,470","$181,342","$117,391","$338,100","36,532","$216,228","$109,470","$358,995"
Hockley,"21,266","$268,304","$33,000","$314,653","21,116","$356,520","$26,400","$398,282","22,603","$357,150","$25,355","$403,040","22,603","$75,540","$22,100","$117,104","23,232","$128,204","$34,000","$169,969"
Hood,"66,251","$279,560","$127,801","$552,618","64,228","$235,941","$103,221","$421,717","61,387","$188,663","$120,811","$373,002","61,387","$140,740","$92,025","$311,927","61,334","$158,592","$133,503","$405,502"
Hopkins,"38,296","$196,600","$40,468","$293,052","37,368","$193,549","$39,400","$250,098","37,475","$218,496","$16,450","$271,290","37,475","$150,050","$22,350","$194,649","37,163","$187,466","$16,100","$225,868"
Houston,"21,475","$224,338","$80,500","$333,537","22,262","$163,954","$58,955","$246,921","23,439","$104,025","$47,613","$173,149","23,439","$137,687","$51,198","$209,395","23,319","$203,636","$54,171","$298,539"
Howard,"33,102","$179,499","$85,150","$287,162","34,340","$125,044","$68,400","$210,234","36,421","$109,813","$51,700","$180,083","36,421","$103,988","$35,000","$171,728","36,004","$146,500","$54,500","$253,046"
Hudspeth,"3,451","$5,236",$143,"$40,189","3,220","$2,474",$0,"$40,928","3,683","$3,567",$0,"$37,123","3,683","$6,354",$0,"$39,911","3,655","$10,727","$1,400","$36,127"
Hunt,"110,950","$936,401","$329,457","$1,439,075","103,845","$1,042,614","$345,291","$1,578,380","98,685","$637,470","$292,465","$1,040,595","98,685","$931,390","$171,883","$1,268,852","97,442","$998,915","$275,199","$1,540,761"
Hutchinson,"19,989","$305,249","$43,400","$386,128","20,174","$282,055","$34,350","$345,593","20,439","$134,010","$24,300","$174,538","20,439","$119,760","$13,400","$152,018","20,591","$221,337","$14,300","$251,085"
Irion,"1,517","$20,428",$0,"$25,072","1,596","$7,830","$1,500","$14,312","1,584","$2,612",$0,"$3,612","1,584","$7,391",$0,"$8,391","1,652","$3,426",$0,"$4,426"
Jack,"8,937","$72,900","$18,410","$95,978","8,905","$41,220","$14,650","$75,325","9,305","$20,502","$15,080","$38,605","9,305","$43,065","$12,543","$70,075","9,229","$62,564","$6,700","$83,178"
Jackson,"14,995","$386,511","$8,495","$485,600","15,150","$234,761","$15,156","$301,047","14,256","$128,047","$10,393","$157,338","14,256","$138,756","$7,876","$173,548","15,302","$124,744","$13,437","$167,094"
Jasper,"32,395","$188,812","$58,100","$254,912","32,747","$155,011","$42,000","$206,686","35,353","$123,815","$36,484","$169,749","35,353","$124,507","$24,450","$157,957","36,746","$183,532","$44,380","$252,272"
Jeff Davis,"1,956","$2,791",$0,"$14,566","1,972",$930,$0,"$11,775","2,408","$1,936",$0,"$12,995","2,408",$0,$263,"$13,965","2,481","$4,051",$615,"$17,886"
Jefferson,"252,538","$1,762,900","$178,313","$2,167,480","251,890","$1,450,440","$230,207","$1,850,641","250,803","$1,221,776","$163,631","$1,493,290","250,803","$1,356,075","$103,838","$1,587,725","253,046","$1,395,499","$117,375","$1,699,363"
Jim Hogg,"4,656","$1,350",$0,"$48,600","4,815","$1,400",$0,"$40,345","5,079",$0,$0,"$18,468","5,079",$0,$600,"$33,386","5,129",$0,$800,"$38,594"
Jim Wells,"39,008","$67,085","$80,245","$222,596","37,520","$47,550","$102,395","$220,004","39,759","$34,460","$62,565","$121,457","39,759","$48,618","$67,295","$139,108","41,518","$116,295","$54,190","$208,935"
Johnson,"197,638","$818,644","$211,090","$1,161,416","191,361","$787,914","$198,750","$1,084,693","175,987","$695,333","$160,288","$916,846","175,987","$682,797","$150,750","$910,202","173,191","$757,729","$245,915","$1,135,207"
Jones,"20,112","$150,781","$15,530","$186,427","19,826","$208,114","$11,801","$221,015","19,745","$69,470","$6,683","$79,703","19,745","$60,389","$12,580","$83,244","19,704","$292,099","$12,936","$310,257"
Karnes,"14,678","$60,433",$0,"$63,747","14,559","$21,706","$27,100","$122,816","15,778","$23,877","$18,850","$45,641","15,778","$39,524","$50,650","$99,367","15,304","$70,803","$76,425","$158,152"
Kaufman,"177,704","$654,271","$199,823","$2,049,862","163,214","$524,601","$210,767","$1,905,598","140,667","$332,832","$182,269","$1,176,637","140,667","$306,679","$201,250","$1,240,586","128,122","$287,465","$221,210","$1,282,136"
Kendall,"48,178","$110,370","$36,526","$264,933","47,777","$299,730","$46,601","$523,997","47,700","$375,554","$76,030","$547,277","47,700","$163,086","$80,389","$262,503","47,453","$276,781","$79,905","$373,116"
Kenedy,365,"$63,021","$2,100","$66,121",321,"$14,291",$900,"$16,191",378,"$15,680","$1,568","$18,248",378,"$14,910","$3,353","$19,263",412,"$18,076","$1,965","$20,041"
Kent,738,"$3,013",$200,"$4,213",747,$900,$0,"$1,900",754,"$1,675",$0,"$2,675",754,"$3,470",$0,"$4,470",764,"$4,106",$0,"$5,106"
Kerr,"54,073","$84,900","$35,677","$217,460","53,894","$240,576","$43,139","$3,338,461","53,024","$344,245","$32,557","$1,652,793","53,024","$353,385","$91,042","$482,418","52,575","$479,080","$184,634","$733,037"
Kimble,"4,579","$76,309","$3,788","$81,553","4,234","$15,152","$3,906","$22,898","4,581","$26,662","$2,778","$34,630","4,581","$19,920","$1,414","$26,018","4,722","$31,315","$2,106","$39,440"
King,254, , ,"$1,000",256,$0,$0,"$1,000",275, , ,"$1,000",275, , ,"$1,000",254, , ,"$1,000"
Kinney,"3,086","$19,600","$7,976","$30,226","3,130","$15,170",$0,"$16,170","3,594","$7,600",$350,"$10,750","3,594","$10,659",$0,"$12,859","3,711","$10,310",$250,"$16,687"
Kleberg,"30,547","$347,939","$192,300","$548,989","30,792","$332,905","$128,825","$473,880","32,158","$131,753","$95,350","$234,628","32,158","$145,755","$74,950","$233,705","32,580","$206,949","$116,790","$339,239"
Knox,"3,234","$10,539","$1,850","$23,748","3,359","$14,705",$0,"$23,743","3,796","$6,599","$11,000","$18,599","3,796","$17,974",$750,"$19,724","3,393","$9,967","$2,000","$12,967"
Lamar,"50,142","$202,885","$89,250","$376,515","49,788","$207,663","$123,693","$421,298","50,436","$239,443","$119,455","$388,618","50,436","$139,569","$86,536","$338,552","50,279","$293,601","$74,526","$463,518"
Lamb,"12,606","$38,250","$9,175","$60,018","12,747","$65,443","$13,400","$89,196","12,412","$39,767","$8,525","$53,550","12,412","$62,355","$11,125","$79,738","12,696","$56,650","$13,625","$80,957"
Lampasas,"22,950","$103,970","$25,475","$133,995","22,603","$70,949","$22,250","$97,249","21,395","$69,705","$16,300","$98,583","21,395","$76,740","$16,425","$94,655","21,220","$86,762","$20,475","$109,937"
La Salle,"6,575","$66,165","$6,650","$82,721","6,646","$50,643","$14,550","$71,024","7,391","$19,800","$7,900","$33,531","7,391","$19,501","$11,300","$37,032","7,403","$46,338","$26,400","$81,252"
Lavaca,"20,532","$15,600","$2,025","$380,014","20,952","$11,963","$1,950","$231,659","20,511","$11,975","$2,075","$229,544","20,511","$11,096","$1,200","$229,390","20,447","$64,356","$7,310","$292,310"
Lee,"18,138","$183,203","$31,625","$233,856","17,629","$117,614","$31,737","$176,500","17,432","$124,840","$36,304","$174,877","17,432","$122,831","$30,963","$181,820","17,373","$142,460","$33,000","$198,100"
Leon,"16,727","$156,615","$10,050","$187,299","15,707","$113,145","$4,650","$130,696","17,649","$67,791","$8,150","$85,284","17,649","$47,658","$8,983","$70,121","17,453","$77,446","$20,883","$113,815"
Liberty,"103,692","$489,889","$208,975","$767,502","100,883","$410,024","$194,550","$676,256","93,496","$274,003","$155,420","$454,440","93,496","$254,827","$109,795","$391,864","88,248","$379,444","$121,025","$545,490"
Limestone,"21,848","$96,231","$27,744","$218,391","22,148","$154,675","$22,559","$264,616","23,654","$103,584","$22,080","$206,387","23,654","$117,443","$25,168","$247,392","23,725","$162,575","$43,153","$294,712"
Lipscomb,"3,059","$16,084",$0,"$17,678","2,836","$12,519",$750,"$14,269","3,153","$5,204",$0,"$6,204","3,153","$3,058","$2,922","$6,980","3,320","$10,000","$2,800","$15,300"
Live Oak,"11,260","$18,377","$4,035","$172,375","11,115","$24,188",$310,"$103,943","12,208","$14,985",$240,"$94,670","12,208","$5,735",$0,"$85,180","12,042","$16,948","$1,120","$118,805"
Llano,"22,964","$43,994","$1,250","$153,889","21,952","$28,175","$10,200","$86,800","21,890","$131,575","$9,520","$146,495","21,890","$129,245","$6,250","$141,068","21,863","$140,997","$9,830","$164,759"
Loving,52,"$14,540",$0,"$15,540",58,"$12,520","$1,020","$14,540",96,"$11,545",$0,"$12,545",96,"$7,876",$360,"$9,236",103,"$5,248",$0,"$6,248"
Lubbock,"321,312","$3,751,478","$1,088,408","$6,135,374","318,368","$3,209,062","$915,793","$5,349,530","309,880","$2,303,591","$853,438","$4,547,471","309,880","$2,618,072","$867,658","$4,800,467","307,870","$2,231,097","$748,876","$4,262,187"
Lynn,"5,670","$35,325","$13,500","$54,275","5,630","$17,721","$10,050","$32,710","6,243","$10,773","$4,400","$19,591","6,243","$6,804","$3,000","$14,450","5,942","$7,778","$4,200","$17,379"
McCulloch,"7,494","$86,059","$13,305","$103,205","7,446","$60,528","$8,428","$72,055","8,313","$43,549","$4,989","$53,392","8,313","$30,752","$5,899","$39,080","8,311","$51,961","$8,616","$65,895"
McLennan,"266,612","$2,707,541","$995,071","$4,154,398","261,318","$2,324,682","$991,100","$3,680,493","255,372","$1,726,190","$763,476","$2,795,863","255,372","$1,688,285","$685,293","$2,577,049","255,816","$2,300,952","$1,085,791","$3,542,531"
McMullen,563,$0,$0,"$47,910",597,"$8,510",$0,"$26,343",748,"$2,195",$0,"$11,964",748,"$6,601",$0,"$16,369",740,"$3,346",$0,"$16,273"
Madison,"13,766","$151,430","$54,750","$226,126","13,591","$68,799","$11,200","$94,829","14,088","$43,983","$16,630","$75,443","14,088","$82,572","$40,807","$138,509","14,468","$75,022","$57,250","$151,981"
Marion,"9,183","$57,056","$26,310","$92,115","9,685","$51,311","$19,265","$89,313","9,662","$48,906","$31,740","$84,195","9,662","$49,092","$27,013","$86,026","9,860","$37,844","$36,349","$95,387"
Martin,"5,125","$18,600",$800,"$20,644","5,281","$17,700",$294,"$18,994","5,739","$10,150","$1,420","$13,770","5,739","$14,700",$900,"$17,300","5,875","$10,450",$0,"$11,695"
Mason,"4,028","$17,851","$5,530","$24,637","3,881","$8,092","$2,503","$13,411","4,318","$12,856","$1,509","$15,739","4,318","$4,538","$1,178","$8,480","4,340","$16,711","$4,772","$22,524"
Matagorda,"35,971","$299,951","$20,400","$347,551","36,540","$194,704","$13,600","$239,836","36,158","$152,595","$11,150","$193,570","36,158","$131,020","$11,225","$225,388","36,488","$160,770","$17,500","$234,522"
Maverick,"57,961","$84,248",$0,"$84,898","57,355","$17,977",$0,"$18,177","58,116","$10,829","$1,650","$13,254","58,116","$14,535",$750,"$18,835","57,272","$37,906","$7,975","$50,291"
Medina,"52,336","$43,734","$3,305","$2,948,071","51,529","$101,098","$11,633","$359,839","54,612","$206,351","$34,098","$385,505","54,612","$260,063","$29,106","$323,091","52,191","$394,536","$44,695","$467,004"
Menard,"1,971","$7,836","$6,254","$16,236","1,990","$14,332","$2,230","$17,824","2,124","$3,307","$2,223","$6,529","2,124","$6,293","$2,256","$15,886","2,134","$10,353","$7,753","$20,105"
Midland,"173,643","$1,708,988","$532,325","$2,535,647","168,242","$1,581,923","$392,125","$2,219,380","179,232","$1,456,349","$167,840","$1,788,156","179,232","$1,183,037","$148,030","$1,540,500","175,630","$1,312,004","$212,100","$1,781,120"
Milam,"25,752","$175,418","$19,288","$216,972","25,107","$120,326","$6,104","$147,012","25,157","$105,442","$11,162","$138,685","25,157","$93,557","$11,282","$130,876","25,288","$183,761","$18,196","$230,064"
Mills,"4,546","$41,714","$4,755","$59,751","4,452","$28,391","$1,850","$51,711","4,875","$18,730","$1,700","$31,745","4,875","$30,286","$3,500","$47,436","4,940","$26,960","$4,090","$50,334"
Mitchell,"8,882","$98,167","$8,272","$109,925","8,986","$73,955","$7,200","$85,497","8,685","$74,237","$5,084","$83,359","8,685","$59,661","$4,800","$66,654","8,135","$53,067","$2,300","$60,929"
Montague,"21,370","$63,582","$6,865","$88,530","20,130","$87,120","$7,860","$115,213","19,712","$91,872","$6,810","$115,915","19,712","$59,018","$6,400","$81,901","19,631","$109,693","$11,700","$146,942"
Montgomery,"690,414","$4,167,059","$1,292,528","$5,838,533","667,076","$3,887,351","$1,009,958","$5,623,141","609,172","$3,660,357","$853,204","$5,201,620","609,172","$3,947,390","$894,243","$5,601,582","610,513","$4,401,682","$1,063,062","$6,168,323"
Moore,"21,090","$93,028","$268,949","$390,116","20,970","$148,185","$177,232","$344,533","20,902","$143,720","$153,924","$322,890","20,902","$109,735","$168,642","$309,012","20,615","$68,858","$210,553","$311,658"
Morris,"12,049","$77,038","$26,563","$103,600","12,059","$89,214","$9,669","$101,467","12,468","$75,903","$13,034","$96,362","12,468","$73,108","$16,097","$99,940","12,258","$58,529","$30,738","$97,608"
Motley,"1,024","$3,000",$500,"$5,800","1,048","$5,023",$500,"$6,523","1,196","$2,240",$100,"$3,340","1,196","$5,690",$0,"$6,690","1,225","$3,184",$500,"$4,684"
Nacogdoches,"65,318","$312,577","$100,554","$474,223","64,309","$293,901","$129,086","$465,479","64,850","$151,934","$72,243","$240,921","64,850","$145,101","$78,686","$271,237","65,483","$228,046","$95,162","$357,996"
Navarro,"55,334","$1,050,726","$122,425","$1,362,274","53,839","$548,430","$79,133","$692,632","52,973","$408,416","$46,732","$496,476","52,973","$570,944","$71,230","$687,369","50,263","$645,314","$81,112","$784,805"
Newton,"11,836","$38,270","$6,475","$48,045","12,367","$37,550","$4,825","$42,825","13,103","$57,949","$7,325","$65,274","13,103","$40,449","$3,525","$43,974","13,692","$95,149","$8,517","$113,816"
Nolan,"14,576","$367,557","$38,545","$429,676","14,417","$323,033","$25,800","$351,408","14,150","$230,134","$23,678","$254,792","14,150","$180,477","$44,707","$229,237","14,551","$228,579","$59,994","$306,038"
Nueces,"349,590","$2,759,904","$747,311","$5,046,145","350,472","$1,937,880","$827,392","$2,880,380","363,776","$1,195,786","$534,170","$1,889,963","363,776","$1,360,015","$440,479","$1,967,339","361,387","$2,521,513","$695,319","$3,491,498"
Ochiltree,"9,355","$76,155","$12,400","$97,789","9,758","$73,040","$13,250","$100,253","10,246","$67,495","$8,840","$81,187","10,246","$42,594","$12,650","$60,606","10,012","$78,655","$12,350","$96,297"
Oldham,"1,744","$24,100","$3,000","$28,100","1,738","$10,800","$12,239","$24,039","2,131","$14,590","$8,094","$24,634","2,131","$23,700","$6,950","$31,650","2,100","$50,870","$5,650","$57,520"
Orange,"84,869","$246,423","$74,505","$366,058","84,111","$359,564","$88,659","$497,054","82,168","$249,317","$100,107","$395,883","82,168","$226,024","$91,898","$361,908","84,866","$242,550","$114,156","$430,309"
Palo Pinto,"29,113","$187,500","$12,600","$215,284","28,498","$285,154","$13,500","$305,399","29,069","$52,017","$11,925","$75,105","29,069","$126,705","$13,500","$155,376","28,865","$189,185","$11,500","$244,889"
Panola,"22,813","$395,365","$64,833","$469,054","22,540","$264,939","$37,882","$315,052","24,611","$172,485","$29,294","$206,729","24,611","$225,413","$45,772","$278,585","24,573","$168,254","$54,008","$226,763"
Parker,"171,225","$694,471","$157,068","$988,750","158,990","$747,922","$123,429","$974,394","143,504","$541,010","$110,263","$732,169","143,504","$600,796","$125,046","$851,322","138,007","$822,577","$184,178","$1,119,656"
Parmer,"9,434","$31,472",$398,"$33,842","9,703","$38,815",$488,"$41,275","9,325","$16,060",$806,"$20,713","9,325","$22,212",$684,"$25,261","9,872","$41,240","$3,206","$47,935"
Pecos,"14,530","$257,256","$31,337","$307,527","15,115","$206,211","$21,217","$250,952","15,033","$134,709","$24,930","$178,151","15,033","$101,090","$17,068","$153,229","14,870","$124,841","$16,672","$162,551"
Polk,"53,837","$498,034","$157,411","$725,296","52,947","$514,501","$157,659","$723,297","50,717","$304,062","$116,114","$472,472","50,717","$283,340","$97,274","$429,994","49,856","$348,665","$139,476","$541,698"
Potter,"115,903","$1,164,019","$395,747","$3,825,898","115,027","$1,328,594","$531,277","$2,523,643","115,471","$1,186,408","$354,158","$1,699,874","115,471","$1,005,444","$180,839","$1,377,535","116,744","$1,347,325","$281,233","$1,903,193"
Presidio,"6,125","$1,471",$0,"$31,649","6,059",$266,$0,"$31,296","6,302",$0,$0,"$26,764","6,302","$4,844",$0,"$33,163","7,014","$3,245",$376,"$26,439"
Rains,"12,660","$18,910","$6,200","$36,932","12,446","$34,930","$3,900","$50,652","12,493","$32,054","$1,800","$45,326","12,493","$15,150","$1,500","$28,772","12,641","$34,300","$6,650","$56,692"
Randall,"147,367","$1,048,554","$297,316","$1,501,607","145,018","$710,560","$212,996","$1,116,135","138,549","$573,357","$167,891","$936,047","138,549","$572,874","$170,534","$968,503","142,446","$765,152","$294,358","$1,267,918"
Reagan,"3,097","$40,562","$16,974","$65,247","3,355","$63,608","$17,868","$82,975","3,895","$38,304","$5,328","$45,132","3,895","$34,228","$4,019","$41,727","3,756","$43,328","$19,650","$64,478"
Real,"2,940","$24,675","$9,425","$36,152","2,729","$15,925",$0,"$20,652","3,464","$11,250","$1,475","$14,777","3,464","$8,875","$3,375","$14,302","3,600","$10,345","$2,900","$15,955"
Red River,"11,472","$65,224","$8,213","$108,253","11,627","$109,220","$7,888","$137,442","11,479","$65,864","$11,475","$98,992","11,479","$72,509","$9,728","$99,598","12,071","$90,085","$13,181","$126,864"
Reeves,"13,876","$153,947","$8,133","$166,568","14,898","$138,459","$8,168","$159,105","16,400","$118,035","$2,620","$126,073","16,400","$56,637","$1,736","$64,631","15,853","$113,827","$5,741","$127,056"
Refugio,"6,817","$60,966","$15,305","$341,676","6,762","$43,880",$575,"$104,445","6,844","$22,200",$0,"$83,912","6,844","$6,677","$1,000","$71,387","6,817","$28,059","$1,203","$107,184"
Roberts,813,$0,$250,"$1,250",813,"$3,505",$500,"$5,005",832, , ,"$1,000",832,$0,$500,"$1,500",872,$0,$500,"$1,500"
Robertson,"17,051","$235,696","$11,575","$261,564","16,819","$185,075","$13,213","$206,594","17,613","$194,584","$8,045","$213,932","17,613","$118,224","$9,794","$135,317","17,937","$231,347","$9,675","$264,593"
Rockwall,"123,286","$568,445","$304,806","$940,837","120,782","$465,274","$252,683","$758,888","105,969","$423,355","$281,967","$754,216","105,969","$382,642","$299,572","$702,118","97,807","$525,684","$349,290","$919,852"
Runnels,"9,885","$56,262","$2,200","$91,517","9,938","$104,691","$7,800","$148,387","10,218","$28,975","$5,600","$37,345","10,218","$68,694","$4,374","$99,724","9,693","$140,153","$19,369","$164,163"
Rusk,"53,476","$171,943","$46,160","$231,961","52,539","$165,580","$52,280","$222,519","54,764","$88,923","$33,087","$134,863","54,764","$79,031","$25,981","$134,596","53,959","$135,604","$25,559","$175,668"
Sabine,"9,913","$44,785","$9,400","$63,452","9,847","$72,188","$15,929","$97,184","10,859","$32,500","$10,000","$52,117","10,859","$22,775","$3,625","$34,567","11,138","$44,800","$7,750","$64,267"
San Augustine,"7,979","$65,060",$500,"$65,560","7,909","$67,070","$1,700","$75,311","8,409","$41,443","$2,475","$46,668","8,409","$30,060",$0,"$31,860","8,656","$36,968",$0,"$38,768"
San Jacinto,"28,835","$140,878","$3,600","$147,228","27,371","$214,653","$2,875","$223,479","29,652","$96,582","$2,600","$103,095","29,652","$128,411","$7,562","$142,366","29,507","$134,811","$9,095","$148,656"
San Patricio,"69,283","$748,210",$0,"$805,332","69,282","$780,951",$0,"$816,400","67,033","$329,011","$182,518","$527,585","67,033","$250,519","$149,094","$432,523","65,960","$289,329","$179,299","$498,045"
San Saba,"5,956","$27,781","$1,400","$29,881","5,676","$22,770","$1,403","$47,679","6,223","$28,783",$0,"$40,536","6,223","$8,085","$1,020","$21,833","6,224","$16,412","$1,825","$33,465"
Schleicher,"2,302","$10,168","$2,025","$17,533","2,429","$17,401",$0,"$24,484","2,727","$21,517","$2,286","$28,803","2,727","$10,450",$750,"$12,950","3,099","$13,350","$4,348","$20,448"
Scurry,"17,048","$116,475","$50,000","$179,112","16,526","$119,150","$50,600","$179,387","16,556","$114,525","$24,250","$149,187","16,556","$75,100","$1,225","$85,387","17,129","$36,400",$0,"$51,816"
Shackelford,"3,259","$23,415","$4,648","$37,012","3,051","$9,800","$3,600","$14,400","3,415","$10,640",$785,"$13,025","3,415","$2,650","$1,325","$6,575","3,263","$7,360","$1,425","$9,785"
Shelby,"24,012","$66,769","$4,050","$88,106","23,878","$92,590","$2,700","$97,090","24,054","$76,988","$12,636","$92,530","24,054","$123,333","$4,050","$131,401","24,624","$336,700","$10,100","$349,050"
Sherman,"2,814","$18,047","$8,223","$27,270","2,762","$20,557","$6,992","$30,048","3,072","$12,237","$12,736","$25,973","3,072","$15,688","$12,487","$29,674","3,116","$12,908","$13,985","$28,143"
Smith,"245,426","$1,454,399","$139,094","$2,048,393","237,813","$1,599,947","$75,869","$2,064,341","232,675","$1,503,363","$86,025","$1,871,321","232,675","$1,238,617","$85,903","$1,720,284","230,086","$1,220,367","$112,770","$1,944,106"
Somervell,"9,951","$40,187",$0,"$41,791","9,444","$4,050","$28,685","$34,339","9,605","$18,088","$1,750","$21,442","9,605","$45,062","$3,500","$50,166","9,604","$26,974","$6,000","$37,676"
Starr,"65,952","$35,359","$4,050","$1,053,900","65,248","$31,920","$1,300","$1,048,461","63,688","$3,500",$0,"$1,005,991","63,688","$5,045",$930,"$1,008,636","63,406","$29,198","$1,000","$1,013,598"
Stephens,"9,255","$40,235","$31,625","$76,927","9,175","$56,493","$48,600","$117,273","9,506","$48,554","$25,575","$79,142","9,506","$57,333","$45,405","$134,765","9,703","$53,675","$13,741","$77,543"
Sterling,"1,419","$27,208",$0,"$33,386","1,396","$32,446","$3,600","$42,035","1,239","$25,905","$6,000","$32,905","1,239","$19,633","$3,822","$25,332","1,294","$11,803","$6,003","$18,805"
Stonewall,"1,167","$6,296",$450,"$7,746","1,203","$7,059",$0,"$8,059","1,380","$5,100","$1,000","$7,100","1,380","$6,095","$2,400","$9,495","1,409","$3,494",$100,"$8,271"
Sutton,"3,206","$26,570","$11,901","$42,461","3,270","$46,591","$8,603","$58,934","3,619","$22,457","$4,660","$30,856","3,619","$17,612","$11,382","$32,733","3,745","$22,703","$14,218","$41,695"
Swisher,"6,801","$42,744","$8,175","$60,981","6,868","$38,522","$4,768","$50,438","7,435","$16,170",$750,"$22,931","7,435","$28,234","$1,633","$36,277","7,421","$19,825","$8,072","$36,102"
Tarrant,"2,167,129","$19,126,303","$5,221,548","$26,901,754","2,122,081","$15,925,152","$4,719,223","$22,347,978","2,063,496","$11,733,268","$2,853,066","$15,951,308","2,063,496","$13,287,875","$3,146,468","$18,321,352","2,064,380","$15,304,529","$4,202,275","$21,602,871"
Taylor,"145,709","$1,617,826","$260,130","$2,444,537","142,918","$1,663,358","$234,675","$2,148,542","139,083","$1,105,185","$270,200","$1,604,928","139,083","$1,284,502","$289,310","$1,830,365","138,849","$1,335,719","$267,000","$1,900,850"
Terrell,691,"$14,040",$0,"$15,040",708, , ,"$1,000",776,"$1,724",$0,"$2,724",776,$500,$500,"$2,000",843,"$6,607","$5,424","$13,031"
Terry,"11,484","$90,443","$25,714","$127,216","11,615","$93,941","$27,339","$129,150","12,538","$70,771","$24,674","$103,429","12,538","$146,440","$25,907","$180,819","12,478","$83,142","$27,818","$130,493"
Throckmorton,"1,607","$33,830","$2,400","$38,355","1,510","$10,364","$1,200","$12,564","1,407","$6,492",$0,"$7,492","1,407","$14,081",$0,"$15,081","1,525","$13,943",$0,"$14,943"
Titus,"31,267","$176,456","$15,750","$197,406","30,869","$210,999","$11,350","$232,709","33,596","$139,371","$16,919","$158,615","33,596","$53,130","$13,450","$79,892","33,793","$72,037","$29,875","$112,875"
Tom Green,"118,694","$1,355,807","$246,044","$4,086,064","120,429","$1,843,823","$309,539","$3,396,086","117,791","$1,133,157","$232,243","$1,526,791","117,791","$1,552,195","$204,262","$1,916,440","117,278","$1,677,143","$245,974","$2,258,017"
Travis,"1,330,591","$6,841,041","$3,264,400","$21,141,882","1,327,925","$5,839,537","$2,071,252","$16,357,789","1,285,526","$5,046,971","$1,546,344","$13,177,425","1,285,526","$5,726,001","$2,116,802","$12,723,218","1,260,620","$7,026,600","$3,046,820","$14,555,636"
Trinity,"14,212","$92,674","$5,650","$103,439","13,607","$90,993","$9,910","$108,961","14,457","$64,738","$9,510","$83,268","14,457","$41,017","$12,828","$62,698","14,643","$57,895","$29,781","$95,816"
Tyler,"20,061","$107,325","$12,000","$119,325","19,842","$78,281","$10,230","$102,959","22,966","$89,609","$10,000","$114,057","22,966","$55,835","$13,011","$80,794","22,474","$145,355","$13,900","$175,160"
Upshur,"43,809","$138,214","$23,489","$177,340","41,375","$126,320","$25,563","$159,041","41,262","$169,628","$24,500","$213,921","41,262","$91,741","$19,434","$125,645","40,998","$189,573","$43,129","$249,619"
Upton,"3,258","$27,088","$21,732","$52,111","3,255","$66,427","$26,861","$102,814","3,581","$42,791","$20,641","$72,280","3,581","$48,024","$20,150","$70,695","3,743","$48,589","$10,445","$93,521"
Uvalde,"24,675","$309,582","$4,800","$368,796","24,223","$211,828",$800,"$265,635","26,260","$129,034","$4,200","$184,730","26,260","$126,237","$4,950","$182,718","27,691","$137,007","$3,500","$194,858"
Val Verde,"47,564","$249,525","$149,439","$445,451","46,993","$192,648","$58,975","$282,885","50,988","$97,409","$93,950","$233,027","50,988","$81,038","$134,512","$272,682","50,624","$121,640","$130,156","$292,620"
Van Zandt,"63,176","$299,905","$43,020","$422,392","61,725","$298,759","$54,490","$431,678","56,503","$259,291","$59,883","$401,057","56,503","$250,284","$28,200","$356,642","56,596","$402,352","$62,260","$544,046"
Victoria,"91,228","$881,903","$358,211","$1,528,197","90,875","$754,830","$286,067","$1,280,697","90,940","$613,566","$185,232","$998,770","90,940","$421,585","$224,344","$817,283","92,059","$741,093","$209,766","$1,138,737"
Walker,"78,816","$370,118","$264,841","$683,530","77,425","$255,668","$200,472","$497,146","77,300","$115,914","$137,008","$293,978","77,300","$151,260","$156,639","$352,962","75,055","$247,410","$150,498","$447,249"
Waller,"63,291","$552,135","$273,947","$894,635","60,313","$501,472","$277,745","$849,346","55,626","$378,680","$189,133","$682,952","55,626","$428,237","$202,215","$687,225","54,349","$393,676","$203,049","$650,891"
Ward,"11,817","$125,320","$7,854","$144,603","10,769","$124,779","$17,885","$158,192","11,635","$98,105","$16,316","$127,337","11,635","$120,645","$15,584","$152,446","11,372","$121,293","$10,311","$147,839"
Washington,"36,147","$442,902","$56,200","$575,640","35,601","$339,797","$87,290","$450,630","35,612","$286,770","$86,652","$412,637","35,612","$279,855","$72,250","$406,746","35,801","$356,455","$78,810","$459,180"
Webb,"272,271","$1,152,282","$174,800","$4,517,855","269,377","$684,328","$160,625","$3,873,736","280,547","$554,130","$149,375","$4,069,601","280,547","$522,693","$251,050","$4,015,106","281,964","$579,801","$304,025","$3,871,688"
Wharton,"41,700","$861,868","$59,055","$974,700","41,662","$537,231","$41,200","$658,775","41,279","$221,472","$25,885","$294,676","41,279","$228,435","$33,100","$336,662","41,141","$326,368","$43,249","$451,512"
Wheeler,"4,910","$152,156","$36,809","$192,732","4,888","$92,394","$47,449","$144,504","5,168","$70,103","$18,500","$91,089","5,168","$24,620","$16,879","$48,296","5,059","$60,365","$26,810","$90,430"
Wichita,"129,354","$935,725","$167,318","$3,138,230","130,423","$993,780","$212,514","$2,871,378","132,756","$588,577","$163,517","$2,603,932","132,756","$712,897","$213,853","$2,381,709","133,814","$934,931","$244,323","$2,588,164"
Wilbarger,"12,198","$110,447","$2,250","$125,992","12,782","$172,758","$5,040","$192,543","12,393","$87,106","$3,000","$105,351","12,393","$116,909","$1,489","$131,343","12,548","$95,587","$4,272","$120,379"
Willacy,"20,134","$19,046","$7,374","$491,861","19,981","$22,310","$7,288","$253,002","21,502","$12,345","$3,135","$173,391","21,502","$16,970","$4,340","$176,622","21,475","$601,854","$6,384","$810,390"
Williamson,"683,163","$2,312,375","$1,204,608","$3,828,021","663,405","$1,680,499","$728,596","$2,635,844","602,686","$1,125,726","$408,790","$1,734,462","602,686","$1,501,287","$680,784","$2,464,600","571,610","$1,837,873","$1,039,980","$3,267,953"
Wilson,"52,975","$94,853","$23,600","$151,139","51,723","$68,009","$18,000","$253,917","52,839","$68,100","$24,500","$213,654","52,839","$74,282","$59,058","$153,180","51,077","$252,523","$82,750","$362,102"
Winkler,"7,643","$112,709","$7,200","$121,227","7,629","$89,570","$6,800","$98,188","8,145","$58,329","$2,650","$62,297","8,145","$46,125","$5,160","$55,003","7,696","$66,600","$11,075","$90,119"
Wise,"75,010","$519,631","$103,795","$700,465","72,057","$525,830","$92,616","$649,392","70,078","$383,317","$103,786","$522,762","70,078","$367,705","$93,250","$502,128","69,647","$391,753","$81,075","$512,793"
Wood,"48,250","$131,140","$36,156","$175,749","45,156","$142,682","$26,975","$202,324","45,528","$97,156","$24,015","$151,083","45,528","$97,792","$29,900","$149,651","45,229","$140,391","$65,788","$226,696"
Yoakum,"7,418","$17,716","$3,150","$26,848","7,588","$16,563","$4,674","$22,714","8,773","$8,547","$5,217","$16,492","8,773","$10,414","$2,060","$13,951","9,109","$47,870","$7,368","$59,319"
Young,"18,018","$72,185","$30,162","$128,095","17,834","$97,974","$40,993","$150,141","19,294","$56,069","$43,593","$110,045","19,294","$92,483","$55,075","$163,572","18,304","$127,454","$67,023","$208,436"
Zapata,"13,854","$11,950","$16,350","$32,567","13,727","$16,030","$20,950","$42,797","14,280","$19,050","$17,350","$41,267","14,280","$31,200","$12,725","$48,992","13,903","$29,594","$19,150","$67,332"
Zavala,"9,674","$23,051",$713,"$26,027","9,654","$10,171",$475,"$12,909","12,077","$10,737","$1,575","$14,575","12,077","$4,794",$550,"$7,607","12,338","$25,658","$6,057","$35,203"
